,Link,Tweet,Tanggal,Like,Comment
0,https://twitter.com/Masihsamarsamar/status/1758039805320171940#m,Menurut data Quick Count Pak Prabowo : Menang Pak Ganjar & Pak Anies 8aswedan : Kalah Nirina Zubir & PDIP : Menang Gerindra : Kalah Gugatan paman : Menang Cek C-hasil : pasrah   Saatnya bilang : SEMPURNA....,"Feb 15, 2024 Â· 8:05 AM UTC",61,18
1,https://twitter.com/afroditedemigod/status/1757743481240612911#m,"anjing statement tolol, jabatan anies cuma gubernur dki cok, punya kuasa apa atas rohingya. justru penampungan buat rohingya itu sesuai dengan KEPRES NO 125 TAHUN 2016. apa-apa kok anies yg disalahin","Feb 14, 2024 Â· 12:27 PM UTC",7219,77
2,https://twitter.com/WidasSatyo/status/1757785471978197112#m,"Gelombang pengungsi Rohingya pertamakali masuk Indonesia itu taun 2009, mas. Saat itu Anies msh jd Rektor Univ. Paramadina. Punya wewenang apa beliau saat itu dlm keputusan soal Rohingya?   Jd bener ya voters 02 tuh gak sedikit yg digerakkan hasil dari penggiringan info hoax.","Feb 14, 2024 Â· 3:14 PM UTC",8837,104
3,https://twitter.com/CNNIndonesia/status/1757906121527116235#m,Anies: Saya Terus Berada dalam Gerakan Perubahan Tanpa Bergeser  https://www.cnnindonesia.com/nasional/20240214223628-617-1062753/anies-saya-terus-berada-dalam-gerakan-perubahan-tanpa-bergeser?utm_campaign=cnnsocmed&utm_medium=oa&utm_source=twitter,"Feb 14, 2024 Â· 11:14 PM UTC",4271,98
4,https://twitter.com/BosPurwa/status/1758037411643421148#m,"Starting point-nya dari sini. Bila takdir @aniesbaswedan jadi Presiden, maka Allah izinkan dia. Tapi bila takdir Anies Baswedan tidak jadi Presiden, maka Allah telah selamatkan dia","Feb 15, 2024 Â· 7:55 AM UTC",2159,47
5,https://twitter.com/alisyarief/status/1758061972095172714#m,Prabowo Sudah Deklarasikan Sebagai Pemenang Pilpres 24 versi Quick Count â€“ Anies Baswedan Sedang Bersiap-siap Deklarasi versi Real Count https://muniranews.com/prabowo-sudah-deklarasikan-sebagai-pemenang-pilpres-24-versi-quick-count-anies-baswedan-sedang-bersiap-siap-deklarasi-versi-real-count/,"Feb 15, 2024 Â· 9:33 AM UTC",0,0
6,https://twitter.com/abyegone/status/1758047329746337995#m,"Di debat ke 3: Anies kasih nilai Prabroro 11/100 Ganjar kasih nilai 5/10  Prabroro selalu bilang, biar masyarakat yang menilai.  Sekarang masyarakat kasih nilai: Anies 24% dari 100% Ganjar 16% dari 100%  Damn, you reap what you sow. Karma is a bitch.","Feb 15, 2024 Â· 8:35 AM UTC",153,11
7,https://twitter.com/arti_steve/status/1758036043117494680#m,"dari awal juga udah keliatan hasilnya, emang gw ngerasa Indonesia belum pantes dapet pemimpin se keren pak Anies 8aswedan.  tradisi korup, nepotisme, anti-kritik,  ordal ,dll. kayanya masih pengen dipelihara negeri ini.","Feb 15, 2024 Â· 7:50 AM UTC",936,76
8,https://twitter.com/Gehanghoheng/status/1758062260260683821#m,Tapi Desak Anies ini berhasil buka pikiran kaum yg terbuka dan ga saklek thd suatu peristiwa,"Feb 15, 2024 Â· 9:34 AM UTC",0,0
9,https://twitter.com/hasmibakhtiar/status/1757812079933653427#m,Gw usul Pak Anies bikin partai dan bertarung di pemilu selamjutnya. Itu terlihat lebih jantan dibanding nempel di pundak pak Paloh.,"Feb 14, 2024 Â· 5:00 PM UTC",49,40
10,https://twitter.com/ismailfahmi/status/1758018498700407182#m,"Usia @aniesbaswedan baru 54 tahun. Masih muda. Masih banyak waktu dan peluang ke depan.  Pada Pilpres ini, Anies, Kpopers, dan Gen-YZ  yang mendukungnya, serta gerakan anak muda dalam Desak Anies, Bijak Memilih, telah membuat sejarah baru dengan membawa ""politik gagasan"" ke dalam pentas Pemilu.  Indonesia belum siap dengan politik gagasan ini. Kekuatan politik ""bantuan pemerintah"" yang memberi approval rate yang tinggi masih menentukan.   Kalau mau ada perubahan, mereka yang sudah mulai tercerahkan ini, yang harus bergerak terus memperjuangkan gerakan perubahan. Bersama-sama. Semakin luas.  How?","Feb 15, 2024 Â· 6:40 AM UTC",9900,586
11,https://twitter.com/virdikaa/status/1757947906248892450#m,"Prabowo akan jadi presiden, Indonesia butuh oposisi kuat. Kali ini, saya menulis Anies Baswedan di Indonesia sbg salah satu calon pemimpin oposisi. Satu tulisan lainnya ialah PDIP, tapi belum selesai nulis.   https://mediaindonesia.com/opini/651647/anies-baswedan-suar-oposisi-masa-depan-indonesia  CC: Bang @abdurarsyad","Feb 15, 2024 Â· 2:00 AM UTC",1120,32
12,https://twitter.com/bima_ynwa_92/status/1757954796349444283#m,"Saya suka optimisme anda. Tp jangan terlalu naif, paling banter dia bikin gerakan, bukan partai.  Partai modal gede, smntr Anies kere. Dan juga bukan prinsip dia. Tau ga prinsip dia apa? Dia lebih suka dukung org baik masuk parpol yg ada, bukan bikin parpol baru","Feb 15, 2024 Â· 2:27 AM UTC",59,3
13,https://twitter.com/ucuule/status/1758062248239804432#m,Wajarla anies mmg menang tanpa curang,"Feb 15, 2024 Â· 9:34 AM UTC",0,0
14,https://twitter.com/Jhehyuk/status/1757742316461445122#m,Ternyata ini bener guys bukan fitnah ğŸ™ voc ada karna Anies juga ğŸ™,"Feb 14, 2024 Â· 12:23 PM UTC",8988,93
15,https://twitter.com/Zer0Failed/status/1758057154454646800#m,Bongkar Sikurap KPU yang amburadul,"Feb 15, 2024 Â· 9:14 AM UTC",26,2
16,https://twitter.com/cottonbyul/status/1757797161667117233#m,"Eh asli, gua mah ga sedih Anies kalah tapi gua sedihnya karena yang menang tu yang ngelanggar konstitusi, yang bagiin bansos berlebihan sampe harga beras mahal, politik dinasti, ngelanggar aturan KPU 62829202x dan pelanggaran lainnya.","Feb 14, 2024 Â· 4:01 PM UTC",14623,43
17,https://twitter.com/taltalita/status/1757793034169978888#m,"Sumpah gw sampe google ""anies 2009 menjabat apa"" saking kagetnya gw liat ni statement. Dia 2009 cuma rektor Paramadina yg lokasinya di JAKSEL sedangkan rohingya masuk dari SABANG ACEHğŸ’€ Selain jadi rektor dia cuma MODERATOR DEBAT CAPRES, cara masukin refugee nya gimana bjirğŸ˜­ğŸ—¿","Feb 14, 2024 Â· 3:44 PM UTC",22637,273
18,https://twitter.com/mad_worlddd/status/1758062239649829314#m,"Sempet ngobrol dengan ojol dan temen terkait alasan pilih 02. Ojol: Prabowo baik karena pas di GBK yg dateng dikasih makan, minum, uang dan sovenir. Temen: pake eliminasi. 03 ada Puan & Mega. 01, dia nggak suka Anies karena ini https://www.google.com/amp/s/www.bbc.com/indonesia/majalah-44920435.amp  Gw golput, btw.","Feb 15, 2024 Â· 9:34 AM UTC",0,0
19,https://twitter.com/arti_steve/status/1758058696423452827#m,"iya iyaaa, Anies 8aswedan kalah.. selamat yaa buat Paslon 02  Tapi gw tetap bangga...  suara 25%+ tanpa bantuan bapak, paman, influencer bayaran dan ASN negara.  banyak hal positif juga kok yang gw alami selama dukung 01 :","Feb 15, 2024 Â· 9:20 AM UTC",30,2
20,https://twitter.com/S4n9_P3n99u94t/status/1757699762625921336#m,TANAH KELAHIRAN ANIES BASWEDAN KUNINGAN FULL AMIN...  #14Feb2024AniesPresiden #14Feb2024AniesPresiden  ğŸ†˜ğŸ†—,"Feb 14, 2024 Â· 9:34 AM UTC",626,6
21,https://twitter.com/OposisiCerdas/status/1758054247302828326#m,"Presiden PKS: Jangan Terprovokasi, Kawal Terus Suara Anies-Muhaimin https://www.oposisicerdas.com/2024/02/presiden-pks-jangan-terprovokasi-kawal.html","Feb 15, 2024 Â· 9:02 AM UTC",137,0
22,https://twitter.com/rohta_julian/status/1758053962497077688#m,"Starting Point Abah ğŸ¥ºğŸ’¥  â€œJika saya menjadi presiden, maka Allah izinkan saya. Tapi jika tidak, maka Allah selamatkan sayaâ€  ~ Abah Anies 8aswedan âœ¨  #Pemilu2024 #ValentinesDay   ___ Sorex C-hasil Komeng Sumbar KPU Curang Pendukung 01 Bawaslu","Feb 15, 2024 Â· 9:01 AM UTC",309,15
23,https://twitter.com/convomfs/status/1757633704468574717#m,"Btw kakekku 01 garis keras, cara belio ngelobi lucu bgt  â€œKalo prabowo makan gratis bikin anak tambah genduuuğŸ˜­, kalo Ganjar internet gratis bikin anak tambah jago main gameğŸ˜­ğŸ˜­, nah kalo Anies pendidikan gratis bikin anak makin pintar coba pilih yg paling masuk  (cont..)","Feb 14, 2024 Â· 5:11 AM UTC",64911,538
24,https://twitter.com/JokoHQ/status/1757943464308900314#m,"Poltracking DKI dgn angka masuk 99% lbh, Anies kalah dr Prabowo. Bener2 underperform utk mantan Gubernur yg maha hebat.","Feb 15, 2024 Â· 1:42 AM UTC",2479,241
25,https://twitter.com/markhcdefender/status/1757966015076720827#m,"bro jd pas kmren ngitung suara presiden bocil2 sini tuh sibuk berdoa anies anies trus gw iseng kan nanya kyk ""knp dukung anies padahal belom bs milih? "" Trsdijawab ""soalnya anies ngehormatin org belajar kak drpd dikasi makan siang trus sm prabowo yg ada kta dibikin miskin","Feb 15, 2024 Â· 3:12 AM UTC",5,8
26,https://twitter.com/ramsezrr/status/1757751599307567601#m,"Ini denger langsung dari sodara saya yg main tiktok, temen2 kuliahnya yang main tiktok banyak yg ke 02 gara2 Prabowo LUCU, Anies kejam soal 11/100, dan ga suka 01 di cap cerdas/intelektual. Aku sampe skrg pun masih terbengong2.","Feb 14, 2024 Â· 1:00 PM UTC",3781,120
27,https://twitter.com/Putri96960977/status/1757762500567990518#m,Ini hasil real count yg valid clear and clean terverifikasi data hasil C1 dari TPS Sabang sampe Merauke yg akan bergerak terus sementara 01 Anies unggul jadi bukan quick count yang sampling random.. yg jauh sebelum pilpres sudah di program dan di kondisikan utk membentuk opini..,"Feb 14, 2024 Â· 1:43 PM UTC",8205,460
28,https://twitter.com/Suciindnsn/status/1758062214995746868#m,Perang dunia I dan II juga gara gara Anies cuyyy jangan lupain itu,"Feb 15, 2024 Â· 9:34 AM UTC",0,0
29,https://twitter.com/detikcom/status/1758007732131840366#m,"Real Count KPU di Jakarta 50,36%: Anies 38,89%, Prabowo 41,79%, Ganjar 19,31%  Untuk di DKI Jakarta, sementara Prabowo unggul. Selengkapnya:  >> https://news.detik.com/pemilu/d-7194714/real-count-kpu-di-jakarta-50-36-anies-38-89-prabowo-41-79-ganjar-19-31?utm_campaign=detikcomsocmed&utm_medium=oa&utm_source=twitter&utm_content=detikcom #detikPemilu","Feb 15, 2024 Â· 5:58 AM UTC",359,86
30,https://twitter.com/0b170_uch1h4/status/1757736713248735728#m,"Apakah Anies selesai?  Ya, dia selesai dengan hiruk pikuk politik kita. Kabarnya akan pensiun dan fokus mengajar.  Butuh 100 tahun lagi untuk berjumpa dengan Anies Anies yang lain.","Feb 14, 2024 Â· 12:01 PM UTC",85731,1758
31,https://twitter.com/Beneficialss/status/1758062212609139177#m,Beda tipis aja sulit bang apa lagi beda banyak sdh bang saya ini pendukung Anies militan tapi kalau ini sdh hasilnya ya sdh berarti Indonesia rakyat nya tidak ingin perubahan,"Feb 15, 2024 Â· 9:34 AM UTC",0,0
32,https://twitter.com/UusRsd/status/1757892983628996671#m,Kita Jadikan Anies sebagai Presiden di putaran ke-2 ğŸ’ª,"Feb 14, 2024 Â· 10:22 PM UTC",2077,51
33,https://twitter.com/taufik_q/status/1758038492687606153#m,"Bukti temuan oleh pakar di bidangnya.  Setiap kali hasil suara C1 discan, suara Anies tetap, Suara Prabowo naik, dan suara Ganjar turun. Pantaslah...","Feb 15, 2024 Â· 8:00 AM UTC",98,4
34,https://twitter.com/Abahpurwa1/status/1758020265047675050#m,Ini contoh yg di viralkan. Suara 02 kembali ke 748 jadi 74 ğŸ˜‚ğŸ˜‚ Anies 108 suara,"Feb 15, 2024 Â· 6:47 AM UTC",296,12
35,https://twitter.com/Perveniree/status/1758062202198880396#m,Anies sama Ganjar,"Feb 15, 2024 Â· 9:34 AM UTC",0,0
36,https://twitter.com/BosPurwa/status/1758041237536608428#m,"Klo kelen mengkultuskan Anies Baswedan, itu salah. Tapi klo kelen percaya atas ide dan gagasan perubahan yang dia usung untuk kebaikan bangsa dan negara, APAPUN yang terjadi, maka kelen akan tetap memilih bersama @aniesbaswedan. Tidak terbatas waktu!","Feb 15, 2024 Â· 8:11 AM UTC",1622,63
37,https://twitter.com/plisitin/status/1757751765452370091#m,anies menang prabowo menang ganjar menang tapi jusuf kalah,"Feb 14, 2024 Â· 1:00 PM UTC",19150,282
38,https://twitter.com/psis_semarangg/status/1758062192216416691#m,Anies Baswedan to PDI Perjuangan here we go,"Feb 15, 2024 Â· 9:34 AM UTC",0,0
39,https://twitter.com/ivyclover13/status/1757998995677593899#m,"Gini ya. Pilihan tuh kayak misalnya bubur diaduk atau ga diaduk, mi goreng atau mi rebus.   Contoh yang bukan pilihan: â€¢ Israel/Palestina, lu pilih Israel berarti lu mendukung genosida. â€¢ Anies/Prabowo/Ganjar, lu pilih Prabowo berarti lu mendukung kejahatan HAM dan nepotisme.","Feb 15, 2024 Â· 5:23 AM UTC",1373,10
40,https://twitter.com/arwidodo/status/1758005221811212671#m,real count masuk di tabulasi nasional 01 dan situs KPU secara antrian hingga subuh sekitar 12 juta-an.. anies muhaimin menang telak.   Sedangkan quit count bayaran yg muncul pasang iklan di beberapa TV  data yg masuk hingga tadi malam sebagai sample nya saja hanya 3000-an saja.,"Feb 15, 2024 Â· 5:48 AM UTC",1954,64
41,https://twitter.com/crapoten/status/1758062163909026014#m,"Hah goblok, anies punya hak apa coba buat nerima mereka?","Feb 15, 2024 Â· 9:34 AM UTC",0,0
42,https://twitter.com/CNNIndonesia/status/1757753428812452184#m,Anies Kalah dari Prabowo di TPS Surya Paloh dan Tom Lembong https://cnnindonesia.com/nasional/20240214192032-617-1062651/anies-kalah-dari-prabowo-di-tps-surya-paloh-dan-tom-lembong?utm_source=twitter&utm_medium=oa&utm_content=cnnindonesia&utm_campaign=cmssocmed,"Feb 14, 2024 Â· 1:07 PM UTC",1703,116
43,https://twitter.com/rohta_julian/status/1758039285721440698#m,"Ada lagi kanâ“â”â“ Inget, ini bukan satu2 nya ğŸ˜°  SUMUT, KUALUH HULU, SUKARAME TPS 002  âœŒï¸439 harusnya 139  ___ Anies 8aswedan #Pemilu2024 Sumbar Kalah Pendukung 01 Komeng C-hasil","Feb 15, 2024 Â· 8:03 AM UTC",310,42
44,https://twitter.com/fdlhendri/status/1757758245937250311#m,"Ni beneran kah program desak anies, slepet imin, malmingan ganjar, dan tabrak prof ga efektif?","Feb 14, 2024 Â· 1:26 PM UTC",42940,1563
45,https://twitter.com/windi_wijaya17/status/1757803270352052459#m,COME BACK â€¦ yuk bisa yuk  Ketar ketir sampai saat ini dikawal pemilu.   Anies memasuki 31 persen dan prabowo turun ke 51 persen ğŸ¤£  Apakah anies akan comeback â€¦.  WOI BUZZER ANIES NAIKIN LIKE DAN RT INI,"Feb 14, 2024 Â· 4:25 PM UTC",5158,113
46,https://twitter.com/hny_fn/status/1758062128005832811#m,anies 8aswedan 9ojo jiujitsu kaisen,"Feb 15, 2024 Â· 9:34 AM UTC",0,0
47,https://twitter.com/wordfangs/status/1757813400162480362#m,Anies Ganjar,"Feb 14, 2024 Â· 5:05 PM UTC",9312,68
48,https://twitter.com/OposisiCerdas/status/1758060913494720730#m,"Tak Mau Kalah Nih, Pendukung R-API Klaim Anies-Muhaimin Menang hingga Serukan Perlawanan https://www.oposisicerdas.com/2024/02/tak-mau-kalah-nih-pendukung-r-api-klaim.html","Feb 15, 2024 Â· 9:29 AM UTC",8,0
49,https://twitter.com/_e_g_a_n_/status/1757940377431207986#m,"- Jabatan Anies yg mana yg lingkup tupoksinya mencakup ttg keputusan menerima/menolak refugee dri luar negeri?  - Penolakan Jokowi trhdap Rohingya itu hoax goblok, lo itu yg otak udang @ryujinssboyfie   Ga sudi dibilang tolol padahal emang tolol. Nikmatin tuh pembodohan dri Prabs","Feb 15, 2024 Â· 1:30 AM UTC",275,5
50,https://twitter.com/dayatpiliang/status/1757695573359222951#m,"sebenarnya enggak perlu kecewa dan denial juga sih. dari awal kita juga tahu kita dukung capres yang kemungkinan kalahnya lebih besar dari menangnya ğŸ˜€  ingat, kan kita memilih bukan untuk memenangkan anies, tapi kita memilih karena prinsip dan keterwakilan visi dan misinya.","Feb 14, 2024 Â· 9:17 AM UTC",29395,385
51,https://twitter.com/tatynadjib/status/1758062095718080786#m,Ok Nak Gibran kamu masih muda bau kencur dibawah pak Anies kamu masih banyak kesempatan Gibran solo menantimu,"Feb 15, 2024 Â· 9:34 AM UTC",0,0
52,https://twitter.com/ikanatassa/status/1758061497736200511#m,"program desak anies dan sejenisnya itu gebrakan yg fresh, membuka ruang dialog antara rakyat dgn calon pemimpin. mengajak rakyat berpikir kritis, peduli pada current issues. upaya mencerdaskan bangsa jg, aku kagum bgt. secara elektoral, itu perkara lain.","Feb 15, 2024 Â· 9:31 AM UTC",24,3
53,https://twitter.com/kumparan/status/1757737698058756211#m,"Eks Gubernur Jawa Barat Ridwan Kamil berbicara hasil quick count lembaga survei di Pilpres 2024. Sejauh ini, paslon 02 Prabowo-Gibran unggul dari paslon 01 Anies-Muhaimin dan paslon 03 Ganjar-Mahfud.  Ridwan Kamil mengatakan, paslon 02 menang berkat pergerakan silent majority. Eks Wali Kota Bandung ini kemudian membeberkan kategori kelompok masyarakat selama Pemilu 2024. Salah satunya adalah mereka yang menyimak namun jarang komen-komen, dan jarang ribut-ribut di medsos tiap akun ini posting politik.  #pemilupedia #focus #pilpres2024 #news #oneliner #capres2024 #pemilu2024 #kumparan","Feb 14, 2024 Â· 12:04 PM UTC",6018,662
54,https://twitter.com/maniskuadrat/status/1758062077820948806#m,Laporin aja gue dukung kalau emang Anies curang gue gak peduli,"Feb 15, 2024 Â· 9:33 AM UTC",0,0
55,https://twitter.com/nieke_olivia/status/1757734796451561921#m,"Sejak Gibran dititipkan kepada Prabowo untuk misi estafet kekuasaan Jokowi dgn Prabowo sebagai bonekanya yg notabene Prabowo diuntungkan krn syahwat jadi orang nomor 1 akhirnya jadi kenyataan di sisa usianya, tiap telponan dengan teman INA saya selalu blg â€œSaya pilih Anies. Tp bukan bermaksud mendahalui Takdir, Prabowo Bakal menang. Justru aneh kl dia kalah stlh diback up penguasa dgn cara yg Najis massivenya.â€ Heuheu  Sejak debat Capres pertama, gesture Prabowo melet2 dengan dada busung kepada Anies, tuit2 saya 100% waktu itu â€œitu gesture orang yang merasa di atas angin. Orang yg ga dukung penguasa ngga bakal atututednya spt itu di depan umum.â€  Justru kalau Anies atau Ganjar yang menang, itu Keajaiban Rabb. Baru aneh.  Semoga kalian pendukung Jokowi Prabowo yg ada di TL, stlh Capres pilihan kalian menang, kalian ngga wasap/DM-in lagi orang2 buat ngutang.  Semoga kalian juga ngga nge DM-in client/customerku yang rejekinya tajir dari Allah, menjual drama kebohongan biaya anak sekolah hingga ngutang 10 juta ke atas hingga uang tsb direlakan oleh clientku heuheu.  Semoga gak banyak lagi lintah pengemis GA di TL yang mempermalukan diri membuka aib ekonomi agar dikasihani.  Semoga token listrik kalian ngga bunyi terus, semoga kalian bs ngisi bensin, bisa memenuhi standar hidup layak.   Indonesia bukan Italia atau Eropa lainnya, bukan Amerika, Aussie dan negara maju lainnya.  Demokrasi di negeri ini ngga perlu ada gagasan keren dari Capresnya, gak perlu ada dialog Desak Anies yang memaksa isi kepala dikeluarkan. Cukup jadi pendukung bodoh yg otaknya dilepas di toilet dan cukup disumpel 100rb untuk 5 tahun ke depan atau dibayarin centang biru meski tuit2nya ceper dan galau.   Alhamdulillah saat ini, Rabb masih takdirkan aku untuk hidup di Benua Biru.   Bersabar Indonesia. Kita ikuti MauNYA Rabbul Alaminâ¤ï¸  @Mdy_Asmara1701","Feb 14, 2024 Â· 11:53 AM UTC",19977,921
56,https://twitter.com/AbanggSayur/status/1757752498386051559#m,Perhitungan suara belum final mari kita kuatkan doa untuk Pak Aniesâ¤,"Feb 14, 2024 Â· 1:03 PM UTC",3683,26
57,https://twitter.com/khoiriak/status/1758037766489944474#m,"Apa yang dialami Anies 8aswedan pernah dirasakan juga oleh prabowo di 2019. Quick count itu survei.  2019 prabowo di curangi, 2024 prabowo mencurangi lawannya dengan cara yang sama.","Feb 15, 2024 Â· 7:57 AM UTC",549,57
58,https://twitter.com/hengnicorn/status/1758033182270931313#m,btw gue mute yah hp gue gampang ngehangğŸ˜­ pendukung 02 yang mau pamerin kemenangannya di tweet gue coba di-qrt aja soalnya tadi ada yang reply gak kebaca ğŸ˜“ğŸ˜“ğŸ˜“ atau gue duluan deh ANIES KALAH ğŸ¤ª ANIES KALAH ğŸ¤ª ANIES KALAH ğŸ¤ª ANIES KALAH ğŸ¤ª ANIES KALAH ğŸ¤ª ANIES KALAH ğŸ¤ª,"Feb 15, 2024 Â· 7:39 AM UTC",82,5
59,https://twitter.com/ryujinssboyfie/status/1757706300694352108#m,"masih ngomongin kode etik pelanggaran, eh kocak minimal anies tau diri dulu deh di usung 400m sm prabowo tpi ga ada hormat hormat nya. apa itu yang dinamakan etik ? emg sih yg pertama ngusung mardani lisera tpi yang nyumbang dan nge fix in sampe jadi gubernur siapa nyet ?","Feb 14, 2024 Â· 10:00 AM UTC",8014,315
60,https://twitter.com/cudble/status/1757958688877453318#m,"â€œanies kalahğŸ˜œ ganjar kalah ğŸ¤ªâ€  it was never a matter of winning or losing, i donâ€™t give a fuck whoâ€™s who.  itâ€™s about SIAPA yang bisa memberikan perubahan progresif demi masa depan generasi bangsa dan SIAPA yang incapable of doing so.  i donâ€™t understand why this idea is so difficult for some people to grasp.","Feb 15, 2024 Â· 2:43 AM UTC",3271,6
61,https://twitter.com/AriefHD/status/1758062054454493423#m,"KPU @KPU_ID  : LUMAJANG Anies-Muhaimin  15,5% Prabowo-Gibran  67,4% Ganjar-Mahfud  17,1%","Feb 15, 2024 Â· 9:33 AM UTC",0,0
62,https://twitter.com/pesawatjettt/status/1758062050495086819#m,"Tapi jumlah total suara kalian input 204 suara dengan paslon 01 Anies-Imin (72 suara), paslon 03 Ganjar-Mahfud (25 suara), dan suara tidak sah ada 7. Kalau 72 + 25 + 7 hanya 104 suara, 100 suara nya hilang tidak di input ke paslon 02 Prabowo-Gibran. Terimakasih  #Pemilu2024","Feb 15, 2024 Â· 9:33 AM UTC",0,0
63,https://twitter.com/AbdulRachimmks/status/1757801715984945453#m,"Si Admin Web KPU , siapa sih ? Setelah viral yang ditemukan suara 02 di mark up  Kenapa sekarang berubah lagi ğŸ¤£ğŸ¤£ğŸ¤£ mark up suara Pak Anies tapi anehnya presentasinya gak berubah   Hmmmâ€¦. Panik gak ? Masa gak ?","Feb 14, 2024 Â· 4:19 PM UTC",14057,306
64,https://twitter.com/Catatan_ali7/status/1757775133492797827#m,Buat yang percaya QUICK COUNT margin hanya 2 % dengan REAL COUNT Coba deh Flash Back Ke PILGUB DKI JAKARTA   Kalian cermati Hasil Quick count dan Real Count Anies dan Ahok disana berapa Perbedaan margin nya ğŸ˜…  Arti nya apa ? Jangan mau digiring dengan hasil Quick Count ğŸ˜‰ğŸ‘,"Feb 14, 2024 Â· 2:33 PM UTC",456,16
65,https://twitter.com/mpnrihahahaha/status/1758062040730787891#m,"ternyata kita satu pemikiran mba, ga expect malah prabowo yg menang di QC, tapi ttp berharap pak anies menang secara sah di KPU, bener-bener pengen liat pembuktian perubahan yang di maksud di visi misi nya","Feb 15, 2024 Â· 9:33 AM UTC",0,0
66,https://twitter.com/BangPino__/status/1757379676329132335#m,Ini keren banget trobosan yang hendak pak Anies bangun untuk Solusi Haji di Indonesia :  1. Strategi pemangkasan waktu tggu 2. Strategi biaya haji lebih terjangkau 3. Serta trobosan pembangunan Kampung Haji di Tanah Suci. ğŸ¥°  #AMINmenang #AminAjaDulu,"Feb 13, 2024 Â· 12:22 PM UTC",5687,60
67,https://twitter.com/dayatpiliang/status/1757730782171513080#m,aku tidak menyesal pernah mendukung dan memilih anies baswedan untuk berkompetisi menjadi presiden.,"Feb 14, 2024 Â· 11:37 AM UTC",22081,152
68,https://twitter.com/Abahpurwa1/status/1757859849600463092#m,"Gaung kan terus viralkan Di KPU   Anies yang menang.  Sudahkah tak usah sok pakai Quickcount, itu menipu.  Bikin kacau Demokrasi.","Feb 14, 2024 Â· 8:10 PM UTC",2389,78
69,https://twitter.com/unmagnetism/status/1757786154236289333#m,"klo denger pidato pak anies kayaknya dia ga bakal gabung koalisi pemerintah, semoga konsisten demokrasi butuh oposisi yg kuat biar negara tetap bisa sehat","Feb 14, 2024 Â· 3:17 PM UTC",6980,459
70,https://twitter.com/Alphanemesis_/status/1758048430759551167#m,"Anies memakai kata ""Saya"", krn nanti PKB & Nasdem sendiri malah akan merapat ke koalisi Prabowo meninggalkan Anies.  Akan jd kejutan jika momen ini dipakai PDIP buat balas dendam di 2029 dgn menggaet Pak Anies. Dan PKS di belakangnya. ğŸ¤£ğŸ¤£","Feb 15, 2024 Â· 8:39 AM UTC",36,6
71,https://twitter.com/TSolihien/status/1758011653176598581#m,MashaaAllah Abah Anies ğŸ¥°,"Feb 15, 2024 Â· 6:13 AM UTC",162,3
72,https://twitter.com/texxxla/status/1758062015783059822#m,"itu isu udh 25 tahun lalu, yg diangkat cm 5 tahunan sekali, lo pikir anies peduli sbnrnya? nyatanya gapernah ada bukti apa2, orgnya jg gak kabur msh di indo2 aja, kl mau diselesaikan ya tuntasin lah, masa 5 tahunan doang dibahasnya, what a rider of wave","Feb 15, 2024 Â· 9:33 AM UTC",0,0
73,https://twitter.com/Adra_silent/status/1758052820211876240#m,Kecurangan TSM untuk penggelembungan suara 02  Tidak curang tidak menang  Mungkin bgt prinsip yg berlaku sekarang bagi 02,"Feb 15, 2024 Â· 8:57 AM UTC",3,0
74,https://twitter.com/cimisxin/status/1758062012180189420#m,X base pendukung 01 anies katanya. Padahal kalo dah keluar semua pendukung 02. 01 bagaikan jarum di dalam tai,"Feb 15, 2024 Â· 9:33 AM UTC",0,0
75,https://twitter.com/gausasokaby/status/1758062008652747115#m,yg milih pak anies gabung jd 1 wilayah aja ga si WKWKWKKK,"Feb 15, 2024 Â· 9:33 AM UTC",0,0
76,https://twitter.com/Benjamin_9/status/1758062004143845880#m,"Yaelahh ngeles mah bisa bang, trus ketemu gibran ngapain? Omongan anies udah banyak dongengnya. Gak bisa dipercaya.","Feb 15, 2024 Â· 9:33 AM UTC",0,0
77,https://twitter.com/kumparan/status/1757795728985067955#m,Anies menegaskan akan tetap berkomitmen dalam gerakan perubahan. Dia tak akan terpengaruh atau tertarik pada kelompok di luar gerakan perubahan. #focus #pilpres2024 #news #text https://kumparan.com/kumparannews/anies-respons-quick-count-saya-tidak-akan-bergeser-dari-gerakan-perubahan-22AJOF084kk?utm_source=Twitter&utm_medium=post&utm_campaign=int,"Feb 14, 2024 Â· 3:55 PM UTC",904,27
78,https://twitter.com/returnofjaemina/status/1758061018885022180#m,"Yaaaa laporin atuh mba kata aku mah ya justru kalo buktinya yg inimah langsung diproses tauu terus nanti langsung ada berita nih  â€œTerdapat indikasi kecurangan yang dilakukan oleh paslon 01, KPU panggil anies baswedanâ€","Feb 15, 2024 Â· 9:29 AM UTC",0,0
79,https://twitter.com/haidar_arash68/status/1758061993528045791#m,"Terbukti pakata Rocky. Menurut Rocky, Anies tidak akan menang Pilpres karena ada tembok besar yang menghalangi. Siapa dia? Rocky mengatakan, walaupun Anies meraih 100 persen suara di seluruh Indonesia, hasilnya tidak akan menang. Karena sejak sekarang hasil  sudah ditentukan","Feb 15, 2024 Â· 9:33 AM UTC",0,0
80,https://twitter.com/azelaaic/status/1758061993133756919#m,"nih nonton, lu butuh pak anies buat balas utang budi kah? mengusung? 400M? masalah pribadi dengan pelanggaran HAM lu mau compare? logika lu dimana?","Feb 15, 2024 Â· 9:33 AM UTC",0,0
81,https://twitter.com/carlitovito180/status/1758045802411495592#m,Alhamdulillah.. Semoga Allah SWT Yang Maha Kuasa Ridho untuk Menangkan Anies-Muhaimin menjadi Presiden & Wakil Presiden RI. Jadi semangat lagi nih. Yuuk Sobat Relawan semangat dam Kawal terus Suara AMIN 01 dari TPS-PPS- PPK-KPUD KOTA/KAB sampai pd KPU PUSAT.,"Feb 15, 2024 Â· 8:29 AM UTC",73,7
82,https://twitter.com/hiimjoyful/status/1758061990554288306#m,"ngga paham soalnya aku gatau siapa yang bakal menang. yang aku tau di twt banyak pendukung anies, di ig banyak kuliat pendukung gemoy, dilingkunganku juga banyak bgt pendukung ganjar. sama sama banyak ""pendukung""nya kok, jd persaingannya ya sama sama sengit","Feb 15, 2024 Â· 9:33 AM UTC",0,0
83,https://twitter.com/S4n9_P3n99u94t/status/1757957642813853915#m,"ROCKY GERUNG, JOKOWI TIDAK MUNGKIN INGINKAN ANIES APALAGI GANJAR MELAWANNYA DI PUTARAN KE 2....â€¼ï¸  #KPBBiangCurangBrutal #KPUBiangCurangBrutal ğŸ†˜ğŸ†—","Feb 15, 2024 Â· 2:38 AM UTC",120,0
84,https://twitter.com/Prvt_mansion/status/1757389580578533419#m,"Pendukung Anies gampang banget candaain kematian, bunuh diri. wkwk  entah mentalnya yang rada rada atau jokes nya yang wadidaw","Feb 13, 2024 Â· 1:01 PM UTC",7455,234
85,https://twitter.com/lovermouk/status/1757787249922728286#m,"sejujurnya gue sebagai 01 voter nangis daritadi bukan karena Anies votenya kecil, tapi gue mikirin ke depannya nasib Indonesia ini bakal kayak apa sedangkan pemerintah Jokowi aja gundulin hutan sampai warga terdampak kena banjir. belum lagi permasalahan dengan masyarakat adat.","Feb 14, 2024 Â· 3:21 PM UTC",6285,3
86,https://twitter.com/famajiid/status/1757911615582924967#m,"1. Biasanya Anies pakai ""kami"", di sini pakai ""saya"" 2. Mari ingatkan statement beliau dalam debat, ""menjadi oposisi itu sama-sama terhormat"" 3. Menjadi oposisi itu bisa di dalam maupun di luar parlemen, bisa melalui partai atau non-partai. Yg penting, terorganisasi.","Feb 14, 2024 Â· 11:36 PM UTC",2463,35
87,https://twitter.com/WidasSatyo/status/1758040527168254350#m,Yg menarik tuh ada pertanyaan apakah konsep Desak Anies dianggap gagal?   Menurutku sih belum tentu. Desak Anies cukup berhasil narik atensi young voters buat tertarik sama isu politik.   Sesuatu yg baru emang butuh waktu untuk bisa diterima khalayak lebih luas.,"Feb 15, 2024 Â· 8:08 AM UTC",406,20
88,https://twitter.com/susutobelii/status/1758061965166170396#m,Anies kayaknya pernah ke bulan juga deh ğŸ¤”,"Feb 15, 2024 Â· 9:33 AM UTC",0,0
89,https://twitter.com/TaeperD/status/1757687273158791265#m,"Live tiktok perhitungan pemilu, anies banyak yang unggul tapi kenapa angka Quick Count masih rendah?  Thread","Feb 14, 2024 Â· 8:44 AM UTC",53977,3100
90,https://twitter.com/sawiijooe/status/1758061958488785266#m,"Anies ngelirik gibran?? sini videonya.  Jangan bilang video nol koma 30 detik lu jadikan acuan, yg buat otak lu keliatan gobloknya ğŸ‘Œ","Feb 15, 2024 Â· 9:33 AM UTC",2,1
91,https://twitter.com/Mdy_Asmara1701/status/1757798125815873905#m,Saya akan terus berada didalam gerakan perubahan ini dan tidak akan bergeser sedikitpun ~ Anies Baswedan  #Pemilu2024,"Feb 14, 2024 Â· 4:05 PM UTC",17029,302
92,https://twitter.com/Ampundj90813724/status/1757738818651017722#m,Pers kok begini bahasanya ya.padahal jelas yg paling menghargai pers itu pak anies lho.,"Feb 14, 2024 Â· 12:09 PM UTC",383,19
93,https://twitter.com/winnlovers/status/1758061932194697302#m,"sampe akhirnya gue milih pak Anies, gue milih bukan karena gue gapercaya sama pak Prabowo dan pak Ganjar (fyi gue salah satu idola mereka ber3)ğŸ¤ğŸ»makanya sedih dah pas disuruh pilih apalagi pak Prabowo gue bnrn ngeidolain blio dari th 2019 (thn pertama gue nyoblos)ğŸ˜","Feb 15, 2024 Â· 9:33 AM UTC",0,0
94,https://twitter.com/TSolihien/status/1757814186451566754#m,Alhamdulillah  Google Trends ğŸ’ª ANlES MEMIMPIN  ANIES menang indonesia selamat,"Feb 14, 2024 Â· 5:08 PM UTC",269,6
95,https://twitter.com/padjajaran22/status/1758045909538238745#m,BISMILLAH YA ALLAH YA â˜ğŸ»ğŸ¤²ğŸ» SEMOGA PAK ANIES PRESIDENâ˜ğŸ»,"Feb 15, 2024 Â· 8:29 AM UTC",9,1
96,https://twitter.com/MassTech11/status/1758061925324530127#m,Anies kurang gimane tong mpe ada ulama bikin fatwa wajib pilih Anis ğŸ—¿ğŸ—¿ğŸ—¿ trik Jakarta mau dibawa ke nasional jangan mimpi.,"Feb 15, 2024 Â· 9:33 AM UTC",0,0
97,https://twitter.com/detikcom/status/1757803889007710529#m,Cak Imin meminta pendukungnya untuk terus mengawal #Pemilu2024. Cak Imin meyakini jika Anies dan dirinya akan memenangkan Pemilu tahun ini.  #detikPemilu #WaktunyaMilih https://news.detik.com/berita/d-7194234/cak-imin-lanjutkan-kawal-suara-insyaallah-amin-menang-pemilu-2024?utm_campaign=detikcomsocmed&utm_medium=oa&utm_source=twitter&utm_content=detikcom,"Feb 14, 2024 Â· 4:28 PM UTC",1388,167
98,https://twitter.com/Juju_Julianna_/status/1758038091942818273#m,"""Saya tidak takut tidak punya  jabatan,  Mas Anies..."" (Tapi nyalon sampai 3 kali)  Sementara itu...  ""Jabatan itu milik Allah.."" (Menggugat ke PTUN)  Awalnya, kirain keduanya pada ikhlas.. Ternyata sama saja!","Feb 15, 2024 Â· 7:58 AM UTC",21,7
99,https://twitter.com/kompascom/status/1757798754714112360#m,"Anies menegaskan, meski nantinya kalah di Pilpres, ia akan tetap memperjuangkan gerakan perubahan. Ia berharap pendukungnya tetap berjuang bersama. dlvr.it/T2lCN8","Feb 14, 2024 Â· 4:07 PM UTC",23125,695
100,https://twitter.com/indrasbitchhere/status/1758061904763982322#m,"When i told you ""Aniesnya bagus, tapi partai pengusungnya sampah"" the day Nasdem declared Anies as their BACAPRES, i really meant it.  Gue mah nggak kaget. Kaget cuma kalo PKS yg join koalisi ğŸ¤£","Feb 15, 2024 Â· 9:33 AM UTC",0,0
101,https://twitter.com/Harjin01/status/1757986902249197826#m,"Saya harap yg akan jadi tokoh oposisi adalah orang seperti Anies Baswedan, Mahfud MD, Ahok, dan Ganjar","Feb 15, 2024 Â· 4:35 AM UTC",7,1
102,https://twitter.com/SaburRahim/status/1758061890092290149#m,"Ada putaran ke 2, Anies vs Ganjar? ğŸ¤£","Feb 15, 2024 Â· 9:33 AM UTC",0,0
103,https://twitter.com/SherlockGantan/status/1757716215475183799#m,"Just a reminder bahwa rakyat Indonesia memenangkan Prabowo-Gibran bukan karena mereka suka Prabowo, tapi karena ingin keberlanjutan Jokowi.  Ketika tahun lalu Jokowi dipersepsikan dukung Ganjar, Ganjar lah yang diprediksi akan menang.  Jokowi dukung Anies pun, Anies akan menang.","Feb 14, 2024 Â· 10:39 AM UTC",22256,651
104,https://twitter.com/wildanb406/status/1758061879011024932#m,"Buat pahlawanku Anies Baswedan terima kasih engkau telah mengajarkan kami akan kenegarawanan. Engkaulah pemenang sejati. Buat saudara"" ku dia Anies Baswedan adalah warga dunia dan terbukti. Tapi kita warga sendiri yg terjajah oleh kekuasaan saudara sendiri. Bravo perubahan","Feb 15, 2024 Â· 9:33 AM UTC",0,0
105,https://twitter.com/a11kali/status/1758061876473446538#m,"ngapain dijamin, orang udah bukti. jalanan pd rusak. lo bisa jamin anis kerja bener ngga? janji dp 0 persen aja ngga lo tagih. senengnya liat anies tkg bohong kalah. rakyat indonesia pinter.","Feb 15, 2024 Â· 9:33 AM UTC",0,0
106,https://twitter.com/Mdy_Asmara1701/status/1757961685309301202#m,Tetiba ingat Desak Anies pas edisi ini ğŸ¥º  Banyak warga yang menaruh harapan pada pak Anies,"Feb 15, 2024 Â· 2:55 AM UTC",4214,61
107,https://twitter.com/Abahpurwa1/status/1757860091515248939#m,Data statistik jam 3.10 dini hari.  Anies yang menang.,"Feb 14, 2024 Â· 8:11 PM UTC",10770,804
108,https://twitter.com/Bastiancoks/status/1757795570213859588#m,Goblokkk. Jabatan tertinggi Anies aja cuman gubernur. Itu aja gubernur DKI JAKARTA. Pengungsinya ada di ACEH.   Gelombang refugeenya udh dari jaman SBY waktu Anies masih jadi rektor.   Dongo!,"Feb 14, 2024 Â· 3:54 PM UTC",676,3
109,https://twitter.com/rohta_julian/status/1758030437539352894#m,"Jika Abah Anies 8aswedan ""kalah"" Apa yang akan Abah lakukanâ“â”  #DesakAnies banyak warga yang menaruh harapan pada Abah Anies untuk Perubahan ğŸ™  ___ #Pemilu2024 C-hasil Sumbar KPPS Bawaslu Komeng Real Count","Feb 15, 2024 Â· 7:28 AM UTC",701,59
110,https://twitter.com/rymnleo/status/1758002969952596280#m,Bismillah !  Hari ini tim Humanies project mulai produktif lagi kita luruskan hoax-hoax selama pemilu dengan konten dan ads.  Facebook dan Tiktok menjadi platform paling banyak hoax yang menyerang abah Anies selama pemilu ini. Semoga dengan sisa uang donasi kemarin bisa jalan.,"Feb 15, 2024 Â· 5:39 AM UTC",1500,58
111,https://twitter.com/yaniarsim/status/1758061841794867496#m,"Semoga Abah menang âï¸ Semoga Abah terpilih âœ…ï¸ Karena bukan kemenangan yg kita cari, tapi karena Allah memilih Abah untuk memimpin kami. Membangun negri ini ğŸ‡®ğŸ‡© Anies Baswedan Abahnya Indonesia","Feb 15, 2024 Â· 9:33 AM UTC",4,0
112,https://twitter.com/aniblogsan52394/status/1758061838661742965#m,opsi kedua...itu sih .. tapi ya pilkada nanti kan udah dekat tentu mungkin anies akan masuk ke kancah politik lagi tergantung dia calon daerah mana..,"Feb 15, 2024 Â· 9:33 AM UTC",0,0
113,https://twitter.com/keuraeji/status/1757680897443471710#m,pak anies bikin negara baru aja dong terus nanti aku pindah kesana,"Feb 14, 2024 Â· 8:19 AM UTC",55949,1547
114,https://twitter.com/EndriasKus44232/status/1758061837030174746#m,"Memang kemenangan hasil kecurangan dan menghalalkan berbagai macam cara, demi ketujuan. ayo kita ramai2 gagalkan karena belum final, Anies dan Amin sebagai the champion 2024","Feb 15, 2024 Â· 9:32 AM UTC",0,0
115,https://twitter.com/davinardinta/status/1757754005340754422#m,"Fitnah anies & rohingya masuk adalah fitnah ter-baseless yg pernah gue denger dan bener2 nunjukin betapa jeleknya pendidikan di indo gimana karena lo ngga perlu pinter di HI, geopolitik, pemerintahan, atau apapun you name it.","Feb 14, 2024 Â· 1:09 PM UTC",902,7
116,https://twitter.com/wahyudiade507/status/1758061830055035221#m,"Serius nih ,ğŸ¥¹ğŸ¥¹ğŸ¥¹ğŸ¥¹ğŸ¥°ğŸ¥°ğŸ¥°","Feb 15, 2024 Â· 9:32 AM UTC",0,0
117,https://twitter.com/CutSarina5/status/1757666901017452661#m,Allahu Akbar Abah Anies menang lagi di Madura dg TPS berbeda saya rekam mereka liveğŸ«¶ğŸ»ğŸ¦‰,"Feb 14, 2024 Â· 7:23 AM UTC",9282,67
118,https://twitter.com/nyalasore/status/1757700723285131582#m,"despite of everything, thank you, tim 01 dan 03.  tidak berusaha mengultuskan paslon tertentu, because at the end of the day they're still politicians. tapi buatku, usaha pak anies, cak imin, pak ganjar dan prof mahfudâ€” gagasan, gerakan, gebrakan mereka... pantas diapresiasi.","Feb 14, 2024 Â· 9:38 AM UTC",212,1
119,https://twitter.com/NbSportcast/status/1758061825894297753#m,"Perhitungan versi lawak ğŸ˜„ğŸ˜ Prabowo = 19,30% hasil dari perolehan Prabowo 2019 (44,50%) - Hasil sementara Anies (25,20%) Jokowi/Gibran = 39% hasil dari kemenangan Jokowi 2019 (55,50%) - Hasil sementara Ganjar (16,50%)  Jokowi Efek tidak bisa dihindari","Feb 15, 2024 Â· 9:32 AM UTC",0,0
120,https://twitter.com/MichelAdam7__/status/1757931713089659129#m,"Bonus berita gembira untuk netizen yang setia pada perubahan.  Data perolehan suara capres di RW 08, Kebon Baru, Tebet:  TPS 078 - 089 semua dimenangkan oleh Anies. 14 Februari 2024  #KPUBiangCurangBrutal #KPUBiangCurangBrutal","Feb 15, 2024 Â· 12:55 AM UTC",370,9
121,https://twitter.com/CutSarina5/status/1757796904094793799#m,"Buat pendukung Anies ini perhitugan suara real acount  C1 sampai detik ini baru masuk 11 juta lebih suara ,ayo anak Abah semangat ğŸ«¶ğŸ»ğŸ¦‰ abaikan hasil Quickâ€ ya","Feb 14, 2024 Â· 4:00 PM UTC",3549,94
122,https://twitter.com/mdrfhyt/status/1758020233481330754#m,Ini bener kok kelas menengah itu selalu dianaktirikan dalam kebijakan publik hari ini. Mereka juga lost in translation dalam politik. Anies mencoba membangun kesadaran itu,"Feb 15, 2024 Â· 6:47 AM UTC",453,3
123,https://twitter.com/everyuthingg/status/1758061812346712337#m,pokonya semuanya salah pak anies ğŸ˜±,"Feb 15, 2024 Â· 9:32 AM UTC",0,0
124,https://twitter.com/Ronsarteins/status/1758015977265254793#m,Kalau dipikir-pikir lagi dari model kampanye dan dana nya Anies nggak ngincar presiden tapi loyalis. Dia kayaknya mau buat ceruk middleclass yang sebelumnya cuma masuk swing voters buat jangka panjang biar lebih fleksibel manuver politiknya.  Izin tag @mdrfhyt untuk koreksi.,"Feb 15, 2024 Â· 6:30 AM UTC",1836,52
125,https://twitter.com/CakKhum/status/1757796968146030856#m,"Konferensi pers Anies Baswedan dan Cak Imin Mengenai Hasil Pilpres 2024  ""Saya ingin sampaikan kepada seluruh pejuang perubahan, bahwa saya akan terus di dalam gerakan perubahan ini dan tidak akan bergeser sedikitpun,"" (Anies Baswedan)","Feb 14, 2024 Â· 4:00 PM UTC",3619,45
126,https://twitter.com/javasjayasri/status/1758061799759593660#m,"Btw, kenapa anies gak jadi gubernur aceh?","Feb 15, 2024 Â· 9:32 AM UTC",0,0
127,https://twitter.com/dayatpiliang/status/1757742218058874900#m,"""tetap kawal. real count belum keluar""  apanya yang mau dikawal sih? lo berharap hasil apalagi? anies sudah jelas kalah. mustahil melawan orang yang punya dana besar, investasi suara di pemilu sebelumnya, dan juga tangan-tangan negara yang mendukungnya.","Feb 14, 2024 Â· 12:22 PM UTC",30939,1221
128,https://twitter.com/babygirljie/status/1758061798706860119#m,Kalian emg pada blm siap punya presiden anies udah lah i stop read at â€œtrs knp ?â€ ğŸ˜­ğŸ¤£,"Feb 15, 2024 Â· 9:32 AM UTC",0,0
129,https://twitter.com/kompascom/status/1758029173363499346#m,Timnas Anies-Muhaimin menilai langkah Jokowi yang memberi selamat ke Prabowo-Gibran tak bijaksana. dlvr.it/T2mfb3,"Feb 15, 2024 Â· 7:23 AM UTC",63,25
130,https://twitter.com/ivan_hafizar11/status/1758061794168590530#m,"01 Anies-Muhaimin  Keunggulan: Anies jadi capres paling berpendidikan dalam hal bicara dan debat, visi dan misi sangat menarik yaitu 'perubahan', punya kekuatan lebih di Jawa Barat&DKI Jakarta  Kekurangan: Terlalu politik identitas, wakilnya gaketolong","Feb 15, 2024 Â· 9:32 AM UTC",0,1
131,https://twitter.com/andika_van67/status/1758061779522072628#m,Dukungan yang terus bertambah membuktikan bahwa Anies adalah pilihan yang tepat untuk menjadi Presiden.,"Feb 15, 2024 Â· 9:32 AM UTC",0,0
132,https://twitter.com/GKetebak/status/1758061778406355283#m,Anies banget ini wkwkw,"Feb 15, 2024 Â· 9:32 AM UTC",0,0
133,https://twitter.com/sar_lalala/status/1758061775956902085#m,"Aku single fighter  D rmh ad Bpk, Ibu, 3 kk laki2, 3 org istri mrk, semua all in 02 Ad sdr2 dr bpk-ibu, ad spu2 lain, sbnrny Ok dg Pak Anies, tp tdk OK dg wakilnya Krn mrk lulusan pondoknya Gus Dur, jd msh ad perasaan sakit hati lah  Dan tiap ad kesempatan, mrk cekokin aku dg 02","Feb 15, 2024 Â· 9:32 AM UTC",0,0
134,https://twitter.com/kemalpalevi/status/1757714397848646029#m,"Dari awal, emang peluang menang pak Anies kecil. Tapi saya tetap mencoblos 01. Dan saya sama sekali gak nyesal sudah nyoblos 01. Perjuangan masih panjang ğŸ’ªğŸ¼  Selamat pak Prabowo, mas Gibran, dan para pendukungnya. Lancar-lancar untuk pembangunan IKN dan makan siang gratisnya ğŸ«¡","Feb 14, 2024 Â· 10:32 AM UTC",19228,378
135,https://twitter.com/andika_van67/status/1758061770697281788#m,Anies adalah figur yang paling memungkinkan untuk membawa negara ke arah yang lebih baik sebagai Presiden.,"Feb 15, 2024 Â· 9:32 AM UTC",0,0
136,https://twitter.com/HottAvail01/status/1758061765894836548#m,Siang kamis selamat 02 Paman Anies 8aswedan   Open vcs real count sosmed Konten private harga Wa aja 082269255251 #vcs,"Feb 15, 2024 Â· 9:32 AM UTC",5,0
137,https://twitter.com/andika_van67/status/1758061764078686301#m,Rakyat semakin yakin bahwa Anies adalah pemimpin yang akan membawa perubahan sebagai Presiden.,"Feb 15, 2024 Â· 9:32 AM UTC",0,0
138,https://twitter.com/nialubis_/status/1758059696710447494#m,Sampai Jumpa Di Putaran kedua  #AMINmenang #AMINputaran2,"Feb 15, 2024 Â· 9:24 AM UTC",26,3
139,https://twitter.com/andika_van67/status/1758061756948312356#m,Anies telah memenangkan hati dan pikiran rakyat dengan komitmen dan dedikasinya untuk menjadi Presiden.,"Feb 15, 2024 Â· 9:32 AM UTC",0,0
140,https://twitter.com/andika_van67/status/1758061750833012835#m,"Dengan karisma dan integritasnya, Anies memenuhi syarat sebagai calon Presiden yang dihormati.","Feb 15, 2024 Â· 9:32 AM UTC",0,0
141,https://twitter.com/doilookgiveafun/status/1758061747817320645#m,Anies Baswedan ğŸ¤ Partai Buruh,"Feb 15, 2024 Â· 9:32 AM UTC",0,0
142,https://twitter.com/bangopang__/status/1757694826374680631#m,Anies setelah tau dia gagal jadi presiden,"Feb 14, 2024 Â· 9:14 AM UTC",52,0
143,https://twitter.com/andika_van67/status/1758061744306676121#m,Anies telah membangun fondasi yang kokoh untuk melangkah sebagai Presiden yang efektif.,"Feb 15, 2024 Â· 9:32 AM UTC",0,0
144,https://twitter.com/niesjoeh/status/1758061742549348849#m,menggambarkan kondisi yang kita takuti,"Feb 15, 2024 Â· 9:32 AM UTC",0,0
145,https://twitter.com/zmicoo88/status/1758061737943904675#m,"Nah ini bener, mengatrol suara lewat pak Anies","Feb 15, 2024 Â· 9:32 AM UTC",0,0
146,https://twitter.com/andika_van67/status/1758061737725907361#m,"Semua persiapan dan langkah yang diambil Anies mengarah pada tujuan akhirnya, yaitu menjadi Presiden.","Feb 15, 2024 Â· 9:32 AM UTC",0,0
147,https://twitter.com/andika_van67/status/1758061731962905042#m,Anies telah memperoleh dukungan luas sebagai calon Presiden yang diharapkan.,"Feb 15, 2024 Â· 9:32 AM UTC",0,0
148,https://twitter.com/kurawa/status/1757980892713390108#m,"Business Plan paslon Pilpres yang belum beruntung :  Anies : nyagub lagi di DKI 2024, diusulkan jadi ketum PKS  Imin : dikudeta dari ketum PKB, jualan sarung merk Slepet  Ganjar : jadi influencer jualan Jaket merk sat set Mahfud : jadi Dosen dan dampingi karni ilyas di ILC","Feb 15, 2024 Â· 4:11 AM UTC",882,263
149,https://twitter.com/0b170_uch1h4/status/1757776226864001061#m,"Maafkan bila saya masih optimis.  Pesimisnya saya adalah tidak akan lagi ada yang seperti Anies karena kebodohan, kemiskinan dan kemelaratan akan dipelihara negara sebagai ceruk suara.  Orang pintar akan ikut gabung menjadi oligarki atau pembantu oligarki.","Feb 14, 2024 Â· 2:38 PM UTC",16,1
150,https://twitter.com/nurhidayatsardi/status/1758061726250291260#m,"menarik, terus dinamis. ayo kawal  Hasil ""Real Count"" Web KPU di Jakarta Data 50,36 Persen:  1. Anies 38,89 Persen 2. Prabowo 41,79 Persen 3. Ganjar 19,31 Persen  Klik untuk baca: https://megapolitan.kompas.com/read/2024/02/15/09534021/hasil-real-count-web-kpu-di-jakarta-data-5036-persen-anies-3889-persen?utm_source=Twitter&utm_medium=Referral&utm_campaign=Top_Mobile","Feb 15, 2024 Â· 9:32 AM UTC",0,0
151,https://twitter.com/andika_van67/status/1758061725851795772#m,Dukungan yang terus mengalir membuktikan bahwa Anies adalah kandidat yang layak untuk menjadi Presiden.,"Feb 15, 2024 Â· 9:32 AM UTC",0,0
152,https://twitter.com/dayatpiliang/status/1757680338598527442#m,anies kalah ğŸ¤ª anies kalah ğŸ¤ª anies kalah ğŸ¤ª anies kalah ğŸ¤ª anies kalah ğŸ¤ª anies kalah ğŸ¤ª anies kalah ğŸ¤ª anies kalah ğŸ¤ª anies kalah ğŸ¤ª anies kalah ğŸ¤ª anies kalah ğŸ¤ª anies kalah ğŸ¤ª anies kalah ğŸ¤ª anies kalah ğŸ¤ª anies kalah ğŸ¤ª anies kalah ğŸ¤ª anies kalah ğŸ¤ª anies kalah ğŸ¤ª,"Feb 14, 2024 Â· 8:17 AM UTC",19718,1001
153,https://twitter.com/MwahyuUdin/status/1758061721904935139#m,INFONYA  ALHAMDULILAH PKS NAIK DARI 8% KEMAREN  NAIK LAGI  JADI 11 %  TINGGKAT NASIONAL naik 3 kali lipat anehnya aniesğŸ¤£ğŸ˜‚ğŸ¤£ğŸ˜‚ğŸ¤£ğŸ˜‚,"Feb 15, 2024 Â· 9:32 AM UTC",0,0
154,https://twitter.com/andika_van67/status/1758061720042680813#m,Anies telah menunjukkan ketangguhan dan keuletan dalam perjalanan politiknya menuju jabatan Presiden.,"Feb 15, 2024 Â· 9:32 AM UTC",0,0
155,https://twitter.com/PartaiSampah/status/1758061719610687605#m,"Kqrena Pak Anies tau, yang dilawan itu cukong2 penguasa negeri ini, berat lah lawan kekuasaan, semua posisi sudah dikuasain","Feb 15, 2024 Â· 9:32 AM UTC",1,0
156,https://twitter.com/OposisiCerdas/status/1758060341060321692#m,"Mencium Bau Dugaan Kecurangan di Pilpres 2024, PDIP dan Kubu Anies-Muhaimin Melebur Bentuk Tim Khusus https://www.oposisicerdas.com/2024/02/mencium-bau-dugaan-kecurangan-di.html","Feb 15, 2024 Â· 9:27 AM UTC",12,0
157,https://twitter.com/inidewa_/status/1758061701109588378#m,"iyapp, walaupun yg dateng di desak anies itu dari berbagai kalangan, tetep aja yg bisa nerima pesannya itu ga banyak.","Feb 15, 2024 Â· 9:32 AM UTC",0,0
158,https://twitter.com/aleayyya/status/1758061696911110274#m,"lawak lu ah, kayak anies omongannya kebanyakan kosong isinya cari lagi info yg banyak ya pinter:)","Feb 15, 2024 Â· 9:32 AM UTC",0,0
159,https://twitter.com/kopididid/status/1757950246620176723#m,"Elu semua tau ngga? 6 orang petani, generasi last boomer, sekali pernah gue stelin dari YouTube acara Desak Anies.  Mau tau respon mereka?  Mereka kagum. Dengan boso jowo, mereka bilang anak-anak skrg banyak yg pinter-pinter.  So, kalian ngga usah dengerin om/tante GenX adminâ€”","Feb 15, 2024 Â· 2:09 AM UTC",662,4
160,https://twitter.com/DrEvaChaniago/status/1757805477692686490#m,"Yth Sahabat Pendukung AMIN  Pemimpin kita Pak @aniesbaswedan & Pak @cakimiNOW menyampaikan pesan kepada semua Pejuang Perubahan..  Bahwa gerakan Perubahan ini bukan sekedar pemilu saja, tapi di semua aspek, terutama demkorasi  Pak Anies :  â€œSaya akan berada digerakan perubahan ini bersama Rakyat, dan tidak akan bergeser sedikitpunâ€¦â€¦  Kami ingin tegaskan.. Saya adalah demokrat sejati, kami akan menghormati hasil yang dimunculkan dari aspirasi rakyat Karena itu adalah kemauan rakyat Dan kita harus menghormati kemauan rakyatâ€  Cak Imin : â€œ Jangan lengah, jangan terprovokasi dan jangan terhipnotis oleh berita-berita maupun berbagai perkembangan yang dimainkan..  Sama dengan pemilu yang lalu, belum apa-apa sudah sujud syukur , kita harus terus waspada..waspadalah..karena pada dasarnya proses ini masih panjang â€œ  Ayo SEMANGAT KAWAL SUARA âœŠğŸ»  Bismillah, dengan izin Allah, AMIN menang, Rakyat menang â˜ğŸ»  #01AMINwinElection â˜ğŸ»","Feb 14, 2024 Â· 4:34 PM UTC",1558,35
161,https://twitter.com/qalsrama/status/1755120946976104896#m,LAH KOCAK!   Bapaknya Gibran itu 10 tahun jadi Presiden dan pak Prabowo 5 tahun jadi Mentri.   Trus baru sekarang kalian sadar klo banyak rakyat susah makan? Trus baru sekarang lo mau kasih makan sama susu?   ITU TANDANYA KALIAN CUMA INGAT RAKYAT KALO ADA MAUNYA DOANG SUKIJANNN!!,"Feb 7, 2024 Â· 6:46 AM UTC",21150,183
162,https://twitter.com/pintakars/status/1758061677915132226#m,"imo Anies atau timnya ngincer 2029. Pilpres kali ini buat cek ombak, klo menang syukur, kalo kalah udah lumrah. Dia mungkin emg ngincer prosesnya dulu buat bangun basis massa. Tpi klo tb"" gabung koalisi, emg taek.","Feb 15, 2024 Â· 9:32 AM UTC",0,1
163,https://twitter.com/akuratco/status/1758018826338468263#m,Anies: Saya akan TerusÂ Berada di Bawah GerakanÂ Perubahan https://www.akurat.co/politik/1304161725/anies-saya-akan-terusberada-di-bawah-gerakanperubahan,"Feb 15, 2024 Â· 6:42 AM UTC",679,5
164,https://twitter.com/jahterra/status/1757780397000470576#m,Ada yang kepikiran dengan warga kampung Bayam? Harapan mereka cuma di Pak Anies buat dapat kembali hak yang harusnya mereka terima.,"Feb 14, 2024 Â· 2:54 PM UTC",3545,71
165,https://twitter.com/JokoHQ/status/1757694376925651138#m,"Poltracking utk DKI. Bahkan Anies kalah oleh Prabowo. Padahal katanya waktu Anies jadi Gubernur, prestasinya amazing bin excellent. Tp warga DKI ternyata nggak sependapat.","Feb 14, 2024 Â· 9:12 AM UTC",14527,821
166,https://twitter.com/paulus_sigiro/status/1758061658138914934#m,"Putaran pertama ahok menang,putaran ke2 anies menang tapi sesama anak bangsa terpecah belah","Feb 15, 2024 Â· 9:32 AM UTC",0,0
167,https://twitter.com/OposisiCerdas/status/1758059669061574695#m,"Anies Unggul Tinggi di Sumbar, Prabowo 37 Persen, Ganjar Tidak Sampai 5 Persen https://www.oposisicerdas.com/2024/02/anies-unggul-tinggi-di-sumbar-prabowo.html","Feb 15, 2024 Â· 9:24 AM UTC",6,0
168,https://twitter.com/S4n9_P3n99u94t/status/1757701046724665379#m,AMIN MENANG DI TPS 16 PANGKALAN MASUR MEDAN JOHOR MEDAN...  ANIES : 99 Suara PRABOWO : 44 Suara GANJAR : 5 Suara  #14Feb2024AniesPresiden #14Feb2024AniesPresiden  ğŸ†˜ğŸ†—,"Feb 14, 2024 Â· 9:39 AM UTC",752,16
169,https://twitter.com/Abahpurwa1/status/1757914858945995110#m,"Ini perang psikologis pihak Pra-Gib, supaya lawan2nya lemah. Angka Quick Count ga bisa dan jangan dijadikan patokan Inget Ahok menang menurut Quick Count di pilgub 2017,ternyata Anies yang menang menurut Real Count KPU. Jangan lemah karena yg KPU hitung baru 10% nya. Ayo semangat","Feb 14, 2024 Â· 11:48 PM UTC",124,9
170,https://twitter.com/nvtamarsaoly/status/1757808437751349454#m,Gak ada sejarahnya hasil quick count beda sama hasil real count. Kalah mah kalah aja gak usah koarÂ² bilang curang. Lucu bgt nih pendukungnya anies wkwkkwkwkk,"Feb 14, 2024 Â· 4:46 PM UTC",800,156
171,https://twitter.com/_billyonss/status/1758061635632324745#m,"Anies siap oposisi, pdip siap oposisi, ini kalo cak imin sama surya paloh tiba2 gabung penguasa tak slepet pake gagasan perubahan","Feb 15, 2024 Â· 9:32 AM UTC",0,0
172,https://twitter.com/are_inismyname/status/1757994997180428551#m,"Masih nuduh curang...  Yuk pake logika selisih 2 digit lho.... 33 % selisih pak @prabowo sama si anies... 42% dgn ganjar Sedangkan dulu selisih @jokowi di 2019 dulu 5%  Logika aja 5% dari pemilih saat itu sekitar 10 jt org, itu aja ""sulit"" Krn butuh bukti valid(belum lagi klo bukti disabotase) utk menggagalkan pemilu ulang   Ini 35 % selisihnya yg berarti kurleb 71 jt org dengan data valid yang harus dibuktikan.  Klopun jika terbukti jumlahnya tidak signifikan, pemenangnya tetap #PrabowoGibran  Karena realita mayoritas rakyat pilih mereka.   Drpd ribut mulu mending bersatu, bagaimanapun juga pak Prabowo sudah jadi presiden kita, kmrn beliau capres yg kami dukung skrg beliau adalah capres kita.   Mari bersatu membangun negeri bersama #PrabowoGibran","Feb 15, 2024 Â· 5:07 AM UTC",29,4
173,https://twitter.com/IrfanSofani/status/1757800933118132338#m,Msh jd misteri knp fans 01 merasa IQ nya lbh superior dibanding fans 02. Dugaan sy krn mrk menemukan inang yg dianggap intelek spt Anies/Tom. Sbg benalu mrk merasa bisa menghisap IQ dari inangnya lalu self proclaimed IQ nya jd melejit tinggi. Ga taunya yg diisepnya sampah,"Feb 14, 2024 Â· 4:16 PM UTC",955,93
174,https://twitter.com/Catatan_ali7/status/1757693084236992742#m,"Gua bangga dengan Hasil Suara ANIES BASWEDAN Tanpa Bantuan MK & bantuan Elemen lain nya bisa kasih perlawanan itu Luar biasa....  Setelah melihat DIRTY VOTE Pilpres ini akan berlangsung 1 Putaran sudah tidak kaget lagi  Perjuangan Kita lebih sulit karena melawan bangsa sendiri"".","Feb 14, 2024 Â· 9:07 AM UTC",20957,119
175,https://twitter.com/tvOneNews/status/1757239796899189127#m,Tiga orang meninggal dunia saat mengikuti kampanye akbar pasangan nomor urut 1 Anies Baswedan-Muhaimin Iskandar (AMIN) di Jakarta International Stadium (JIS) pada Sabtu (10/2/2024) lalu.   Anies berharap perjuangan ketiganya dalam mendukung AMIN tidak akan sia-sia. Eks Gubernur DKI Jakarta ini pun berjanji kepada ketiga relawannya yang telah gugur untuk melanjutkan mimpi mereka mencapai Indonesia yang adil dan makmur.  Simak berita selengkapnya di https://bitly.ws/3d4bW #HardNews_Viral #NewsOne #NO01 #CariBeritaditvOne #AniesBaswedan #KampanyePamungkasAMIN #ViralJIS #Politik #KamiKabarkanAndaPutuskan #MauMemilih #tvOneTVPemilu,"Feb 13, 2024 Â· 3:06 AM UTC",1834,2628
176,https://twitter.com/seriemphonemata/status/1758061611133354107#m,"Menunggu thread kumpulah kesalahan Anies, tag gw ya klo udh ada yg buat ğŸ™","Feb 15, 2024 Â· 9:32 AM UTC",0,0
177,https://twitter.com/Metro_TV/status/1757975939336769673#m,"Ketua Umum Partai NasDem Surya Paloh menyatakan akan menunggu hasil perhitungan suara KPU meski tetap akan melakukan evaluasi internal. Menurut Surya Paloh, hal ini sesuai dengan pernyataan calon presiden Anies Baswedan.   #pemilu2024 #pilpres2024 #theelectionchannelmetrotv #indonesiamemilih #liveeventindonesiamemilih #aniesmuhaimin #prabowogibran #ganjarmahfud @NasDem @KPU_ID","Feb 15, 2024 Â· 3:51 AM UTC",178,15
178,https://twitter.com/Penyuka_ombak/status/1757757644998369514#m,"*BUKTI TEMUAN OLEH PAKAR AHLI DIBIDANGNYA YANG DIDUGA KECURANGAN OLEH APLIKASI SI REKAP, KPU*  *Sudah diperingatkan jauh sebelum pencoblosan Pilpres 2024... Setiap kali hasil suara C1 discan, suara Anies tetap, Suara Prabowo naik, dan suara Ganjar turun. Yang ngomong bukan saya. Clear.*  *Ada Penggembungan Suara Di suara paalon 02 dan yabg di Rugikan Penurunan Paslon 03, Dari Penyebab Aplikasi SI REKAPITULASI Yang Di Buat Oleh KPU.*  *Artinya Itu Sudah Di Rekayasa Bentuk KECURANGAN MASIF Dan TERSTRUKTUR CRIME ORDINARI MASIF OLEH PIHAK KPU !!!*  Mohon Atensinya @bawaslu_RI","Feb 14, 2024 Â· 1:24 PM UTC",1419,88
179,https://twitter.com/emyr_za/status/1757753816550871180#m,"Seandainya dibelakang anies bukan surya, mungkin gw mau nyoblos dia  Masalahnya surya njir. Dulu gw inget betul tuh kelakuan enggar garaÂ² surya yang import beras, garam, gula saat petani lokal panen raya, bahkan surplus terutama beras yang bikin petani rugi saat itu","Feb 14, 2024 Â· 1:09 PM UTC",44,3
180,https://twitter.com/a_aberina/status/1758061603642315216#m,SERU BANGET DI KELAS GUE SIBUK MEWING SEMENTARA ORANG PADA SAKIT HATI ANIES KALAHğŸ¤«ğŸ¤«ğŸ§ğŸ§,"Feb 15, 2024 Â· 9:32 AM UTC",0,0
181,https://twitter.com/OposisiCerdas/status/1757810745281294687#m,"Anies-Muhaimin 'Perkasa' di Aceh, Unggul Jauh 78.38 Persen di Situs Kawalpemilu https://www.oposisicerdas.com/2024/02/anies-muhaimin-perkasa-di-aceh-unggul.html","Feb 14, 2024 Â· 4:55 PM UTC",284,1
182,https://twitter.com/lilaccountz/status/1758036163544375406#m,Eh coy yang nerima Hitler di garut siapa? ANIES KAN ? padahal jokowi udh teriak teriak dari jauh hari buat nolak Hitler tapi lo pada otak udang. ya itu ga realistis kebanyakan polah.,"Feb 15, 2024 Â· 7:50 AM UTC",252,16
183,https://twitter.com/ekowboy2/status/1757801940736716821#m,"Anies: saya tetap ada di jalan perubahan & tidak akan pernah bergeser sedikitpun, proses perhitungan belum selesai teruskan perjuangan..","Feb 14, 2024 Â· 4:20 PM UTC",6007,94
184,https://twitter.com/bengkeldodo/status/1757761840061522126#m,Anies Kalah dari Prabowo di TPS Surya Paloh dan Tom Lembong   Rugi dong ....  https://cnnindonesia.com/nasional/20240214192032-617-1062651/anies-kalah-dari-prabowo-di-tps-surya-paloh-dan-tom-lembong?utm_source=twitter&utm_medium=oa&utm_content=cnnindonesia&utm_campaign=cmssocmed,"Feb 14, 2024 Â· 1:40 PM UTC",242,14
185,https://twitter.com/Wahid_1107/status/1758061580493926699#m,"Sebenarnya saya ga mau komen cuman anda sepertinya salah paham soal ini, yg saya lihat sejauh ini setiap ada perdebatan soal ide dn gagasan 02 selalu menghindar dan lari tidak menjawab terus nyebarin hoax soal rekam jejak anies di DKI Jadi bahkan orang paling sabarpun ada batasan","Feb 15, 2024 Â· 9:31 AM UTC",0,0
186,https://twitter.com/Jason_scalper/status/1758061577536974859#m,Tapi emang pada masih songong sih..pantes dulu pak prabowo kalah. Pendukungnya dulu itu model2nya kyk yg ada di ganjar dan anies skrg. ğŸ¤£,"Feb 15, 2024 Â· 9:31 AM UTC",0,0
187,https://twitter.com/ipanpriyanto/status/1758039823317876848#m,Figur negarawan di negara ini yang patut jadi contoh dan teladan hanya bapak @aniesbaswedan untuk saat ini. Apapun hasilnya nanti saya berharap bapak tetap jadi anies baswedan yang selama ini kami doakan dan tidak masuk dalam lingkaran pemerintahan seperti ini ğŸ™ğŸ»ğŸ™ğŸ»,"Feb 15, 2024 Â· 8:05 AM UTC",12,1
188,https://twitter.com/Mdy_Asmara1701/status/1758000097793810877#m,"Anies Baswedan: Saya Demokrat Sejati, Saya akan Hormati Hasil dari Aspirasi Rakyat https://news.republika.co.id/berita/s8vnpl377/anies-baswedan-saya-demokrat-sejati-saya-akan-hormati-hasil-dari-aspirasi-rakyat","Feb 15, 2024 Â· 5:27 AM UTC",819,23
189,https://twitter.com/zmicoo88/status/1758061556762612121#m,"Lah, PKS itu paling militan kadernya  Di 2019 dah terbukti  Justru dulu gerindra dan sekarang nasdem ga terlihat loyalitasnya di TPS2","Feb 15, 2024 Â· 9:31 AM UTC",0,0
190,https://twitter.com/kasadiologi/status/1758061551876276393#m,"iyaa betul ituu, ayoo semangat doain Abah AniesğŸ™ğŸ»","Feb 15, 2024 Â· 9:31 AM UTC",0,0
191,https://twitter.com/m0ntage_/status/1757744452880531906#m,Aneh ya pendukung2 anies ini... Berbulan2 semangta 45 mau anies karna dukung perubahan. Eh pas hari H pesimis sekali... Padahal pak aniesnya aja legowo kok suruh nunggu real count.,"Feb 14, 2024 Â· 12:31 PM UTC",4933,101
192,https://twitter.com/ranmitse/status/1758061540828467204#m,Pak anies udh kek Hamas wkwkwk,"Feb 15, 2024 Â· 9:31 AM UTC",0,0
193,https://twitter.com/never_alonely/status/1758045527088976306#m,Masuk lagi DM info kertas C1 dari net..  Ds balunijuk kec merawang kab bangka babel  Bangka Belitung Anies menang Genk di salah satu TPS,"Feb 15, 2024 Â· 8:28 AM UTC",14,0
194,https://twitter.com/ayuuuuuu1996/status/1758061538378936822#m,"Pada sadar gak sih kalau SEANDAINYA Anies 8aswedan menang real count Rakyat yg cuma tau trand GEMOY pasti sudah terpatri dalam otaknya yg onoh yg menang dan pasti semua MENGANGGAP Anies curang maksa untuk menang Ngerti gak sih, seolah-olah playing victim nanti jadinya","Feb 15, 2024 Â· 9:31 AM UTC",2,0
195,https://twitter.com/WidasSatyo/status/1757708562787405963#m,Btw pak Anies kalo mau jd gubernur Jatim aku sih welcome banget pak. ğŸ‘€  Mari kita usahakan transportasi massal terintegrasi untuk Surabaya - Sidoarjo - Gresik - Lamongan - Pasuruan - Mojokerto itu.,"Feb 14, 2024 Â· 10:09 AM UTC",9840,848
196,https://twitter.com/kaibutsuwa/status/1758061534947975207#m,yang ngancem nembak anies di tiktok gmn hendrik?,"Feb 15, 2024 Â· 9:31 AM UTC",0,0
197,https://twitter.com/detikcom/status/1757747811654021428#m,"Real Count KPU 5,66%: Anies 21,9%, Prabowo 57,74%, Ganjar 20,37%  KPU mulai menampilkan hasil hitung suara #Pemilu2024. Prabowo unggul diikuti Anies, lalu Ganjar. Begini hasil sementaranya:  >> https://news.detik.com/pemilu/d-7193868/real-count-kpu-5-66-anies-21-9-prabowo-57-74-ganjar-20-37?utm_campaign=detikcomsocmed&utm_medium=oa&utm_source=twitter&utm_content=detikcom #detikPemilu #WaktunyaMilih","Feb 14, 2024 Â· 12:45 PM UTC",334,41
198,https://twitter.com/jeongssaem/status/1758048917378494803#m,"eh jujur gue sakit hati banget bacanya, asal lu tau kader2 pks tuh paling all out dukung anies, mereka yang turun sampe ke grassroot sampe ke hari-H saksi 01 tuh dari PKS SEMUA, nasdem sama pkb mana? GAK ADAAAA tetep aja mereka yang dijadiin kambing hitam, sakit lu semua","Feb 15, 2024 Â· 8:41 AM UTC",79,2
199,https://twitter.com/Muhammad_Saewad/status/1757748729610666402#m,Selamat untuk Pak Anies Baswedan dan Pak Muhaimin Iskandar.,"Feb 14, 2024 Â· 12:48 PM UTC",26101,291
