,Tweet,Sentiment
0,"Sewaktu Pak Jokowi menang di 2019, tidak pernah terlintas untuk menyerang pendukung Pak Prabowo pada saat itu.  Mengancam karirnya akan habis, memaki, menyuruh pindah warga negara, atau menghujat masalah pribadinya.  Kaget juga kalau beda pilihan bikin orang bisa semarah itu.",positive
1,"Just a reminder bahwa rakyat Indonesia memenangkan Prabowo-Gibran bukan karena mereka suka Prabowo, tapi karena ingin keberlanjutan Jokowi.  Ketika tahun lalu Jokowi dipersepsikan dukung Ganjar, Ganjar lah yang diprediksi akan menang.  Jokowi dukung Anies pun, Anies akan menang.",positive
2,"Laporin aja nanti di koreksi, yg benar beraapa  Noh prabowo ngakunya salah input, salah input koq sampai 500, ada juga yg 300",negative
3,Prabowo-Gibran Unggul di Kalangan ODGJ di Panti Sosial Bina Laras Harapan Sentosa 2 Cipayung https://metro.tempo.co/read/1833541/prabowo-gibran-unggul-di-kalangan-odgj-di-panti-sosial-bina-laras-harapan-sentosa-2-cipayung?utm_source=Twitter&utm_medium=dlvr.it #TempoMetro,negative
4,"Suara Prabowo-Gibran 86 Ditulis 886 di TPS Ciputat Tangsel, Bawaslu: Salah Tulis Saja https://metro.tempo.co/read/1833841/suara-prabowo-gibran-86-ditulis-886-di-tps-ciputat-tangsel-bawaslu-salah-tulis-saja?utm_source=Twitter&utm_medium=dlvr.it #TempoMetro",neutral
5,"Nanti kan bisa kamu sampaikan aspirasi, tenang.. Prabowo tidak sendiri memimpin negara ini.. ada DPR, MPR & badan legislasi lain yg mengawasi.",negative
6,"terbukti sekali lagi ternyata metode model nolol2in org, sok exclusive, sama ngatur2 pilihan orang, intimidasi dan mutusin silahturahmi orang yg ga sesuara ama u orang ga efektif hehehe",negative
7,Prabowo menang katanya,neutral
8,Bertahun-tahun kuliah dkv eh pas lulus Prabowo jadi presidenğŸ˜­ğŸ˜­ğŸ˜­ğŸ˜­ğŸ˜­ğŸ˜­ğŸ˜­ğŸ˜­ğŸ˜­,neutral
9,COME BACK â€¦ yuk bisa yuk  Ketar ketir sampai saat ini dikawal pemilu.   Anies memasuki 31 persen dan prabowo turun ke 51 persen ğŸ¤£  Apakah anies akan comeback â€¦.  WOI BUZZER ANIES NAIKIN LIKE DAN RT INI,positive
10,"Serba-serbi momen lucu #Pemilu2024 IndonesiağŸ¤£âœ¨  Btw selamat 02, prabowo-gibran  a thread",positive
11,"Bukti temuan oleh pakar di bidangnya.  Setiap kali hasil suara C1 discan, suara Anies tetap, Suara Prabowo naik, dan suara Ganjar turun. Pantaslah...",neutral
12,Aneh! C1 nya Prabowo 62 auto jadi 951 di aplikasi sirekap KPU RI  Berarti system IT untuk Sirekap KPU RI dikunci oleh sistem agar tidak bisa berubah meskipun oleh petugas KPPS.  Jadikan data di TPS sebagai pegangan  Bodo amat Sirekap KPU RI yg sesat dan menyesatkan,positive
13,"âœï¸ Politik Jahat Boy Thahir, Menjegal Anies & Ganjarâ€¦""  Faizal Assegaf (kritikus)  Erick dan Boy Thohir bersaudara makin ganas konsolidasi sejumlah konglomerat super kaya. Mengklaim â…“ penyumbang ekonomi RI siap menangkan Prabowo-Gibran. Deklarasi culas itu muncul di tengah isu Pilpres curang.  Seolah bandar politik digiring dalam pemufakatan jahat untuk membajak demokrasi. Bermondalkan ribuan triliun punya target Pilpres satu putaran. Boy Thohir secara terbuka menyodorkan peta kekuatan para pemodal besar tersebut.  ""Mulai dari Djarum Grup, Sampoerna Grup, Adaro Grup, siapa lagi, pokoknya grup-grup semua ada di sini, ada Ninin, the richest wanita in Indonesia, dan semuanya Pak,"" ujar Boy Thoir dalam acara Relawan Erick Thohir Alumni Amerika Serikat di Plaza Senayan, Jakarta, Senin (22/1).  Prabowo Subianto hadir dan dinobatkan sebagai tamu spesial sembari menggulir pesan penting: ""Kehormatan besar, baru saya paham sekarang kenapa saya dua kali kalah pilpres, karena dulu saya enggak diundang ke sini"".  Tersirat Prabowo mengakui dua kali dicurangi lantaran tanpa sokongan Boy Thohir dan kawanan konglomerat. Kini berbalik membongkok pada rezim Jokowi dan oligarki. Di jalan gelap itu, Prabowo dijamin bakal menang satu putaran.  Keterlibatan oligarki dengan modal besar di ruang demokrasi punya daya rusak dan ancaman bagi kedaulatan politik rakyat. Sudah banyak protes rakyat bermunculan. Rakyat sangat marah dan merasa demokrasi disandera pemodal besar.  Manuver Boy Thahir dan kelompok konglomerat yang berada di lingkar kekuasaan jelas bikin gaduh. Kecurigaan publik atas peran oligarki merusak demokrasi sangat nyata. Hak dan kedaulatan politik rakyat terancam diberangus.  Terlebih pengakuan Prabowo dalam pertemuan pengusaha kaya tersebut, bahwa dirinya dua kali kalah dalam Pilpres. Ukurannya karena tidak disokong oleh jaringan oligarki. Seolah menang atau kalah atas restu pemodal besar.  Pertemuan Boy Thahir dan pemodal besar jelang pemungutan suara 14 Februari 2024 harus disikapi serius. Demokrasi tidak boleh kangkaki kelompok oligarki demi menyingkirkan kehendak aspirasi rakyat. Jelas jahat dan culas.  Bersatulah rakyat, lawan kejahatan oligarkiâ€¦!  **",positive
14,"balik lagi ke pertanyaanku: kalau prabowo memang peduli dengan negara ini, mau membela negara ini, kenapa dia ga mau menghadiri? mungkin ini pertanyaan bodoh yang dangkal. tapi ya, sederhana aja, kalau lu ga salah, apa yang lu takutkan gitu lho.  also:",negative
15,Indonesian Human Right & Coruption Investigation (IRCI) dan Pemuda Lahatale Putih Maluku (PLPM) meminta segera kpd Bawaslu dan KPU untuk segera mendiskualifikasikan Prabowo Gibran karena deklarasikan diri secara tidak sah,positive
16,Woiiii..jangan kejam kali pak Wkwkwkk,neutral
17,"Selamat atas kemenangan pasangan 02 Prabowo - Gibran berdasar Quick count hasil Pilpres 2024. Semoga diberi Panjang umur, sehat dan kemampuan mengemban amanah rakyat.  Maaf jika selama masa kampanye banyak tulisan saya menyinggung temanÂ² dan pendukung Capres lain, semoga ke depan Indonesia jadi lebih baik.ğŸ‡®ğŸ‡©  Untuk temanÂ² seperjuangan ku pendukung Ganjar - Mahfud, tetap kompak dan semangat. ğŸ’ªğŸ»",neutral
18,"Eks Gubernur Jawa Barat Ridwan Kamil berbicara hasil quick count lembaga survei di Pilpres 2024. Sejauh ini, paslon 02 Prabowo-Gibran unggul dari paslon 01 Anies-Muhaimin dan paslon 03 Ganjar-Mahfud.  Ridwan Kamil mengatakan, paslon 02 menang berkat pergerakan silent majority. Eks Wali Kota Bandung ini kemudian membeberkan kategori kelompok masyarakat selama Pemilu 2024. Salah satunya adalah mereka yang menyimak namun jarang komen-komen, dan jarang ribut-ribut di medsos tiap akun ini posting politik.  #pemilupedia #focus #pilpres2024 #news #oneliner #capres2024 #pemilu2024 #kumparan",neutral
19,"orang indo emang pd seneng kok glorifying diktaktor kek suharto, hitler, kim jong un like it's not a surprise anymore to me why ppl choose prabowo karna mentalnay emang suka dijajah",positive
20,"Prabowo dlm hati pasti ngomong â€œOh begini cara mereka curangin saya pemilu kmren, ya kan pak @prabowo ?? ğŸ˜‚",neutral
21,"Kampanye diberbagai Daerah sepi,  Debat Capres-Cawapres kalah,  Bisanya cuma Joget Gemoy dan Oke Gas Oke Gas doang,  Tapi mereka malah menang Telak satu putaran.   Bukan Prabowo Gibran yang hebat tapi Bangsa kita emang lagi sakit",negative
22,"Prabowo Subianto-Gibran Rakabuming Raka, memperoleh 086 suara. Kendati demikian, tertulis menjadi 886 suara. dlvr.it/T2mbXl",neutral
23,"Saya melaporkan, pada 7 Feb pejabat militer& intelijen Indonesia membahas rencana mencurangi pemilihan untuk memenangkan Jend Prabowo.Di dokumenter Dirty Vote yang baru saja rilis para profesor hukum merinci prosedur penipuan. Film ini telah ditonton lebih dari 8 juta kali & kini menghadapi ancaman peretasan. https://invidious.poast.org/watch?v=yHX7N-gcvhQ",neutral
24,"Buat pendukung Prabowo 2019 yg ttp memutuskan mendukungnya di 2024, tak perlu menari kegirangan. Kalian tahu proses pemenangan saat ini terjadi mirip spt 2019 (bahkan lbh kasar) yg menyebabkan Prabowo kalah.  Jd apa yg kalian banggakan menang dgn cara yg kalian benci di 2019?",negative
25,"Saya ucapkan selamat kepada Pak @prabowo & Pak @gibran_tweet yang unggul dalam pilpres versi hitung cepat.   Seperti yang saya tulis sebelumnya, saya terima ini sebagai takdir/ujian dari Allah SWT yang akan saya cari hikmahnya.   Setelah hasil resmi diumumkan dan dilantik, semoga Pak Prabowo dan Pak Gibran bisa amanah dalam memimpin dan melayani masyarakat, sehingga tercipta situasi yang aman dan nyaman.   God bless Indonesia. Hiduplah Indonesia Raya ğŸ‡®ğŸ‡©",positive
26,Selamat kepada Bapak Prabowo dan Mas Gibran â¤ï¸ğŸ«¡,neutral
27,"Apa yang dialami Anies 8aswedan pernah dirasakan juga oleh prabowo di 2019. Quick count itu survei.  2019 prabowo di curangi, 2024 prabowo mencurangi lawannya dengan cara yang sama.",negative
28,Pemungutan suara Pemilu 2024 diwarnai berbagai kecurangan pemilu. Diduga menguntungkan Prabowo-Gibran.  #KoranTempo https://koran.tempo.co/read/nasional/487273/sederet-kegaduhan-pemilu-2024,neutral
29,Kalian pemilu 2019 udah pada sadar belum sih? Pendukung Prabowo yg saat itu kalah pake Campaign #INAelectionObserverSOS ğŸ˜‚ğŸ˜‚ğŸ˜‚,neutral
30,"Megawati, Hasto, Guntur, FX Rudy, Ahok, Butet, Cak Lontong, Denny Siregar, tanpa mereka Prabowo Gibran belum tentu menang satu putaran, hehehe",neutral
31,Senyum Titiek Soeharto Dengar Prabowo Suka Makan Siang dengan Ayahnya  https://www.cnnindonesia.com/nasional/20240214214750-617-1062741/senyum-titiek-soeharto-dengar-prabowo-suka-makan-siang-dengan-ayahnya?utm_campaign=cnnsocmed&utm_medium=oa&utm_source=twitter,negative
32,Prabowo jangan seronok sangat.. Sana banyak hotel 5 bintang.. Macam-macam langkah boleh dibuat oleh pihak yang dah chukup jomlah.. ğŸ¤”,negative
33,"syg, km ditangkap prabowo ap gmn ko gabalas chat aq",neutral
34,"Prabowo-Gibran kalah telak di Aceh, Sumbar, Riau.   Tapi menang telak di Bali, Sulut, NTT, semua Papua.  Semoga @prabowo @gibran_tweet tau kelompok mana yg mencintainya.  Jgn khianati rakyat di daerah2 yg mempercayakan suara mrk kpd kalian berdua.",negative
35,Euporia Prabowo Gibran Mendeklarasikan Kemenangan Versi Quick Count Bisa Menjadi Blunder. Prabowo Tidak Berkaca Pada Pilpres 2014 dan 2019 Yang Sudah Syukur dan Deklarasi Duluan Hanya Karena Melihat Hasil QC.,positive
36,"Saya dulu pendukung Prabowo pernah merasa riang gembira begitu melihat perhitungan suara  di hari-hari awal setelah pilpres 2019. Apalagi nambah keyakinan pasti menang, setelah melihat kubu sebelah tampak muram durja..",neutral
37,Kurangi pemakaian sempak.,neutral
38,"HEBOH Suara Prabowo di TPS Tangsel 86 Ditulis 866, KPU Ralat Pakai Tipp-ex https://www.democrazy.id/2024/02/suara-prabowo-di-tps-tangsel-86-ditulis-866-kpu-ralat-pakai-tipp-ex.html",positive
39,"Next time pelajaran bagi warga twitter adalah, jangan jahat jahat cangkeme, ngerti sendiri kan manusia indo ini suka mengasihani orang lain, masih banyak orang yg milih prabowo karena kasian cokkk ğŸ˜­ğŸ˜­ğŸ˜­",negative
40,"*MASYARAKAT BERI PERINGATAN KERAS KEPADA TKN 02- PRABOWO*  Jangan Gunakan Politik Ala PKI ""Pukul Dulu Lawan"" Baru melenggang jalan.   *Rencana busuk PRABOWO Gagal Total... TER- BONGKAR semua...!!!*  Siapa sebenarnya yang memecah belah RAKYAT,  silahkan nilai sendiri.",neutral
41,Bener juga yaa.. pdhl dia dlu hbsan2 berjuang dan bisa menang,neutral
42,"Hasil Quick Count hingga pagi ini.  1. Prabowo unggul   2. PSI kembali gagal ke Senayan.  3. PDIP berhasil menang pileg unk yg ketiga kalinya.  Tiga perjuangan, sementara gagal satu, dua berhasil. Kalah dgn terhormat, menang dgn terhormat. Bangga sdh berjuang bersama teman2 semua, tetap semangat kita kawal hingga akhir.ğŸ”¥ğŸ™",negative
43,"Prabowo itu dulu tidak mengakui kekalahan bang, bahkan sampai ada gugatan ke mk, dan akan timbul tenggelam bersama rakyat. Kalau oak anies selain bukan orang partai, beliau blm ada statement tentang itu semua.",neutral
44,"Semua bantu cek TPS masing2 âœŠğŸ»âœŠğŸ» kita kerja bersama dan laporkan ke TIM HUKUM AMIN di daerah masing2   Pontianak Kota, SungaiBangkong TPS 27   DPT  total 200 Prabowo 490 Form C1 Prabowo 90   ğŸ˜µâ€ğŸ’«ğŸ˜µâ€ğŸ’«",positive
45,"-dips! Buat pendukung 02 mau nanya, kalo nanti Pak Prabowo anti kritik dan otoriter, kalian bakal diem aja atau tanggung jawab sama suara kalian?  Diskusi ya, kalo ga diskusi cuman komen gajelas mending diem, lu udah mahasiswa.",neutral
46,"balik lagi, itu tergantung mas mau percaya yg mana.. but for me, seeing is believing.. melihat beliau yg 2019 ke 2024, mohon maaf sekali perbedaannya terlihat jelas. Beliau jalannya susah, cara berbicaranya sudah meracau tidak seperti dulu.. sama seperti kondisi closest family saya yg yerkena stroke",negative
47,Jangan lupa janjinya pak @prabowo @gibran_tweet @Dahnilanzar @andre_rosiade @Gerindra @Uki23,neutral
48,"Yang menang secara formal memang Prabowo-Gibran, tapi yang menang secara simbolik adalah Joko Widodo.   jokowi is indeed the real king; he's the most powerful man in the country. ğŸ‘‘",neutral
49,"Di kira pak Ganjar kalau bekingan ya Bu Mega bakal menang 100% Di kira pak Anis kalau ungkit kesalahan di THN lalu, dia bakal menang  Ya emng pak Prabowo g bisa berbicara apa apa saat itu, tapi saya yakin itu adalah hal pribadi yang memang tidak bisa di bicarakan di umum",positive
50,Mana ada sedih sedihğŸ¤£ bodo amat akhirat yg penting Prabroro Presiden,negative
51,wis kembali setelan awal neh paijo paijan dan harus mengakui bahwa kemenangan milik Prabowo-GibranâœŒï¸â€¼ï¸,negative
52,"Well, Good news then. Let's Go!  Efek Prabowo-Gibran, 7 Saham Ini Meroket dan Bikin IHSG Cetak Rekor https://cnbc.id/NbKliZ",neutral
53,Nuduh2 curang jadi kayak Prabowo 2019.  Waktu itu pada nyinyir & suruh legowo aja.   Table have turned,neutral
54,"Presiden Jokowi mengaku bertemu dengan pasangan Prabowo Subianto-Gibran Rakabuming Raka pada Rabu malam, setelah pelaksanaan pemungutan suara usai.  ""Ketemu, ketemu langsung sudah. Semalam,""  https://m.antaranews.com/berita/3965562/jokowi-akui-bertemu-prabowo-gibran-pada-rabu-malam-setelah-pencoblosan?utm_source=antaranews&utm_medium=mobile&utm_campaign=latest_category",negative
55,"kalau ada pendukung 01 dan 03 enggak percaya quick count, pendukung 02 jangan nyinyir, ya. soalnya pak prabowo tahun 2019 juga begitu kok ğŸ˜€",negative
56,"Saya masuk team Sukses AMIN di daerah saya karna emang uang nya lumayan. Saya bantu pasang baliho sana sini, jadi buzzer dadakan juga disosmed tapi pas nyoblos saya tetep pilih Prabowo ğŸ˜‚ğŸ˜‚ Dosa gak ya?",neutral
57,"Pov 02 : ""semakin dibenci barat artinya Prabowo semakin ditakuti"" azekkkkğŸ˜ sini cium dulu",neutral
58,"gelora nggak masuk senayan tak pa. yang penting ada yg jadi mentri.   prabowo masih ingat nggak ya dengan janjinya sewaktu kampanye HP-Don. Jika beliau jadi presiden di 2014, @anismatta mo dijadikan mentri agama",positive
59,"Gw skrg tau permainan nya Prabowo  2019 data C1 sama Hitungan KPU beda jauh, sehingga skrg dia mau mainkan itu di 2024...  Banyak sekali Data di sirekap KPU gak sesuai dengan C1 yg di upload Permainan Curang!",positive
60,VIDEO: Bocoran Kabinet Prabowo-Gibran Usai Menang Pemilu 2024 versi Quick Count | Enamplus - Liputan6.com dlvr.it/T2ms5l #IndonesiaKuatIndonesiaMaju #DiplomasiProgresif02 #02Melanjutkan,neutral
61,TPS 040 Sukawening Kec Ciwidey Kab Bandung Prabowo 134 jadi 634 ( offside 500 )  https://pemilu2024.kpu.go.id/pilpres/hitung-suara/32/3204/320439/3204392007/3204392007006,neutral
62,"Coba deh baca dr awal.. Yg tone deaf itu siapa? N anggaplah laskar trisakti tdk mendukung tpi Postingan @Miduk17 ""Yang menculik anakmu diangkat oleh teman-teman saya seusia anakmu dulu kini diangkat jadi presiden"" Seakan"" Kslahan besar Prabowo mnjdi presiden",neutral
63,VIDEO: Bocoran Kabinet Prabowo-Gibran Usai Menang Pemilu 2024 versi Quick Count | Enamplus - Liputan6.com dlvr.it/T2ms5Z #IndonesiaKuatIndonesiaMaju #DiplomasiProgresif02 #02Melanjutkan,neutral
64,"Saya senang dg nada pidato politik Prabowo dan Gibran di Istora Senayan malam ini. Semangatnya merangkul semua presiden sebelumnya, terutama SBY. Bahkan SBY disebut scr empatik. Gus Dur juga disebut.   Semangat seperti ini penting. Karena 10 tahun kemaren semangatnya â€œlainâ€.",positive
65,"Ini bukan perang. Pendukung 02 bukan musuh.  Dulu jaman Pak Ahok kalah dari Pak Anies juga kita lanjut aja jalan kehidupan. Kita yang dukung Pak Ahok baik-baik saja tuh. Jaman Pak Jokowi menang, pendukung Pak Prabowo juga baik-baik saja tuh.  Gak usah terlalu berlebihan. â˜ºï¸ğŸ™ğŸ½",negative
66,"Di sekitarku banyak yg nonton, emang visi misi anis bagus tp bagi mereka anis cuma pintar ngomong aja, mana liat anis nyerang prabowo terus.",negative
67,AMIN MENANG DI TPS 16 PANGKALAN MASUR MEDAN JOHOR MEDAN...  ANIES : 99 Suara PRABOWO : 44 Suara GANJAR : 5 Suara  #14Feb2024AniesPresiden #14Feb2024AniesPresiden  ğŸ†˜ğŸ†—,neutral
68,VIDEO: Bocoran Kabinet Prabowo-Gibran Usai Menang Pemilu 2024 versi Quick Count | Enamplus - Liputan6.com dlvr.it/T2ms5n #IndonesiaKuatIndonesiaMaju #DiplomasiProgresif02 #02Melanjutkan,neutral
69,"Cuma info.  (Calon) pemenang pilpres paslon 02 (pak prabowo + mas gibran)  (Calon) pemenang pileg DPR =  PDIP bahkan suara PKB, nasdem dan PKS juga tergolong tinggi  Bakal seru ini kalo ke 4 partai ini stay oposisi.  ğŸ¤£",negative
70,"tapi gue sebagai warga sumbar merasa bangga karena sumbar tidak pernah jebol oleh jokowi (2014, 2019) bahkan 2024 melalui prabowo pun tetap tidak jebol.",negative
71,"""Orang menang tapi sombong itu jumowo. Orang kalah tapi nrimo itu legowo. Orang kalah tapi ngaku menang itu namanya Prabowo.""  Yang ngomong Miftah, orangnya Pak Prabowo sekarang hahaha . .   #KPUBiangCurangBrutal #KPUBiangCurangBrutal",negative
72,"Sejak Gibran dititipkan kepada Prabowo untuk misi estafet kekuasaan Jokowi dgn Prabowo sebagai bonekanya yg notabene Prabowo diuntungkan krn syahwat jadi orang nomor 1 akhirnya jadi kenyataan di sisa usianya, tiap telponan dengan teman INA saya selalu blg â€œSaya pilih Anies. Tp bukan bermaksud mendahalui Takdir, Prabowo Bakal menang. Justru aneh kl dia kalah stlh diback up penguasa dgn cara yg Najis massivenya.â€ Heuheu  Sejak debat Capres pertama, gesture Prabowo melet2 dengan dada busung kepada Anies, tuit2 saya 100% waktu itu â€œitu gesture orang yang merasa di atas angin. Orang yg ga dukung penguasa ngga bakal atututednya spt itu di depan umum.â€  Justru kalau Anies atau Ganjar yang menang, itu Keajaiban Rabb. Baru aneh.  Semoga kalian pendukung Jokowi Prabowo yg ada di TL, stlh Capres pilihan kalian menang, kalian ngga wasap/DM-in lagi orang2 buat ngutang.  Semoga kalian juga ngga nge DM-in client/customerku yang rejekinya tajir dari Allah, menjual drama kebohongan biaya anak sekolah hingga ngutang 10 juta ke atas hingga uang tsb direlakan oleh clientku heuheu.  Semoga gak banyak lagi lintah pengemis GA di TL yang mempermalukan diri membuka aib ekonomi agar dikasihani.  Semoga token listrik kalian ngga bunyi terus, semoga kalian bs ngisi bensin, bisa memenuhi standar hidup layak.   Indonesia bukan Italia atau Eropa lainnya, bukan Amerika, Aussie dan negara maju lainnya.  Demokrasi di negeri ini ngga perlu ada gagasan keren dari Capresnya, gak perlu ada dialog Desak Anies yang memaksa isi kepala dikeluarkan. Cukup jadi pendukung bodoh yg otaknya dilepas di toilet dan cukup disumpel 100rb untuk 5 tahun ke depan atau dibayarin centang biru meski tuit2nya ceper dan galau.   Alhamdulillah saat ini, Rabb masih takdirkan aku untuk hidup di Benua Biru.   Bersabar Indonesia. Kita ikuti MauNYA Rabbul Alaminâ¤ï¸  @Mdy_Asmara1701",negative
73,"Banyak tuh video nya beredar jg 01 main curang , udh lah terima aja jangan maling teriak maling. Kampanye dah selesai kalopun paslon 01 kalah jg paling di rangkul di kabinet Prabowo jd buat apa lagi kita yg pada gaduh sndri wkwkwk bawa santai aja",negative
74,Pemungutan suara Pemilu 2024 diwarnai berbagai kecurangan pemilu. Diduga menguntungkan Prabowo-Gibran.  #KoranTempo https://koran.tempo.co/read/nasional/487273/sederet-kegaduhan-pemilu-2024,neutral
75,Klo mabok jg. Di siang bolong ğŸ¤£ğŸ¤£ğŸ¤£,neutral
76,"Gini ya. Pilihan tuh kayak misalnya bubur diaduk atau ga diaduk, mi goreng atau mi rebus.   Contoh yang bukan pilihan: â€¢ Israel/Palestina, lu pilih Israel berarti lu mendukung genosida. â€¢ Anies/Prabowo/Ganjar, lu pilih Prabowo berarti lu mendukung kejahatan HAM dan nepotisme.",negative
77,kalo mau ngomong gini seharusnya tuh ngaca dulu. Prabowo capres yang kalian pilih kemarin pas kampanye dia juga ngatain paslon lain goblok di depan pendukungnya ğŸ’€,neutral
78,"@prabowo bener gk pak, bapak bertanya2 kayak gini ?",neutral
79,Siapa Bilang @prabowo @gibran_tweet Enggak Menang ğŸ˜€ @aniesbaswedan @cakimiNOW @ganjarpranowo @mohmahfudmd @KPU_ID @bawaslu_RI @divu @Puspen_TNI,neutral
80,"mau beda pilihan,  satu hal yang ga bisa dipungkiri, feed socmed Prabowo memang kelihatan sebagai seorang yang merupakan penikmat fotografi.",positive
81,Pelukan hangat mas Didit untuk ayah @prabowo,neutral
82,"Ada juga Quick Count yang total jumlah suaranya lebih dari 100% ğŸ¤£  Saking PANIKNYA melihat angka Ganjar naik, mereka lupa kalo Angka Prabowo mestinya turun  Kecurangan ini benar2 SISTEMATIS, tapi pelakunya BODOH2",neutral
83,"Wkt 2019 jg pak prabowo ngusut sampe demo ko ka. Tetep kalah jg kan akhirnya? Ya gpp, yg penting disini semua tau kalau pemilu selalu ada kecurangan, dan sdg di usahakan kebenarannya",negative
84,"Terjadi di Kecamatan Sei Bangkong TPS 27 Kota Pontianak Kalimantan Barat, suara Prabowo total hak pilih 200, hasil C1 suaranya 90 di KPU ditulis 490 suara. Duaarrr...kacau balau ğŸ‘ğŸ‘",neutral
85,anies menang prabowo menang ganjar menang tapi jusuf kalah,negative
86,Gak sia2 menjilat Prabowo dan Jokowi ğŸ¤£ https://kumparan.com/kumparannews/ridwan-kamil-ngaku-dapat-3-tawaran-jabatan-gubernur-jabar-dki-atau-menteri-22AaDjLtNUx?utm_source=Twitter&utm_medium=post&utm_campaign=int,positive
87,"Hasil Real Count- Quick Count: Prabowo Menang Capres, PDIP Juara Pileg  https://www.cnbcindonesia.com/research/20240215142624-128-514694/hasil-real-count-quick-count-prabowo-menang-capres-pdip-juara-pileg?utm_source=twitter&utm_medium=oa&utm_campaign=cnbcindonesia&utm_content=socmedcnbc",positive
88,prabowo kalo main catur,neutral
89,kocak lu bang,neutral
90,Yg dulu dia benci skrng dinikmati.,neutral
91,"#FOTO Selalu berada di sisi Prabowo sebagai ajudan, sosok Mayor Teddy belakangan tak luput dari atensi publik nih detikers. Hayo siapa nih yang ngefans sama Mayor Teddy?ğŸ¤­  https://wolipop.detik.com/celeb-style/d-7194874/7-gaya-mayor-teddy-ajudan-prabowo-yang-viral-pakai-baju-tentara-hingga-kasual?utm_content=wolipop&utm_term=echobox&utm_medium=oa&utm_campaign=detikcomsocmed&utm_source=Twitter#Echobox=1707982706-3",negative
92,"Para pejuang perubahan adalah para petarung. gak usah khawatir, semua data C1 aman terkendali, . sebagai bocoran dulu Prabowo bertekuk lutut karena tim pemenangan kalah argumentasi di sidang untuk adu data C1 plano. Untuk Pilpres 2024..sorry yeee.",negative
93,Iyalah sy percaya mas,neutral
94,"Suara Prabowo-Gibran Melejit di Web KPU, KPU: Sirekap Tidak Akurat Baca Data https://video.tempo.co/read/36905/suara-prabowo-gibran-melejit-di-web-kpu-kpu-sirekap-tidak-akurat-baca-data?utm_source=Twitter&utm_medium=dlvr.it #TempoVideo",negative
95,Selamat 02 prabowo gibran menang,neutral
96,"btw laskar trisakti pro prabowo, research lg yh valdo",neutral
97,"Orgtua dikampung alasannya kalo gak di belakang Jkw, terus satu lagi karena KASIHAN sama prabowo karena tiap pemilu kalah terus.",negative
98,"Alesannya masih ilmiah + jaga bang ğŸ˜‚   Skala prioritas aja, kan dirimu gak minta diskusi kan? Dan kan dirimu sudah percaya : 1. Prabowo bukan pelaku pelanggaran HAM 2. 02 tidak mungkin melakukan praktik oligarki-nepotisme  Dari 2 hal ini aja gue udah agree to disagree",negative
99,"Dari sisi Ekonomi/Bisnis, terpilihnya Prabowo munculkan 3 risiko  :  - blunder milih Menkeu  - terbawa emosi saat kelola keuangan negara  - tergelincir dlm mega-skandal yg bikin pasar keuangan terguncang.  Semoga semuanya tidak terjadi. But prepare for the worst.",negative
100,"Pemilu 2024, tanggal 14 Februari 2024 sudah usai. Hitung cepat (Quick Count) dari berbagai lembaga survei sudah me-release hasilnya dan kemungkinan tidak akan berubah hingga 100% sampel terkumpul.  01. Anies-Cak Imin: 25% 02. Prabowo-Gibran: 58% 03. Ganjar-Mahfud MD: 17%  Hasil tersebut belum resmi, masih menunggu hasil perhitungan manual dari KPU. Namun, berdasarkan hasil pemilu-pemilu sebelumnya, hasil manual KPU tidak akan berbeda jauh dengan hasil Quick Count.  Bagi paslon yg menang pemilu 2024 ini, selamat semoga bisa membawa Indonesia ke arah yg lebih baik. Jangan lupa atas janji-janji yg sudah disampaikan, tunaikan karena janji adalah amanah. Bukan jadi janji palsu kayak cinta monyet di sinetron.  Bagi paslon yg kalah, tidak perlu bersedih, kecewa pasti, tapi harus diyakini bahwa Tuhan selalu memberikan jalan yg terbaik. Amanah itu belum diberikan, masih ada kesempatan mengabdi kepada bangsa lewat cara lain.  Bagi pendukung yg jagoannya menang, jangan terlalu jumawa, sombong dan menghina yg kalah. Hidupmu tidak serta merta berubah karena capresmu menang. Sek golek mangan dewe-dewe, cicilan jg mbok bayar dewe. Hehehe...  Bagi pendukung yg jagoannya kalah, jangan terlalu bersedih hati, kecewa trus bunuh diri. Jangaaan. Ini hanyalah ""pesta"" 5 tahunan. Ini bukan kiamat, kita masih bisa melanjutkan hidup, berkarir di tempat masing-masing. Siapa tau, jalan cerita hidup kita nanti lebih seru dari yang sekarang.  Saya sebagai salah satu pendukung Ganjar Mahfud, merasa bangga bisa memberikan suara saya dan selalu mendukung pasangan ini di sosmed maupun di dunia nyata. Pasangan yg ideal, menurut saya, untuk memimpin negara besar Indonesia. Pasangan yang memberikan teladan dalam proses demokrasi dengan sebaik-baiknya di tengah penurunan proses demokrasi saat ini. Dan saya yakin, perjuangan ini tidak akan sia-sia.   Terima kasih kepada teman-teman seperjuangan, proud of you, tetap berjuang di atas kebenaran yg kita yakini. Ganjar Mahfud terbaik, NKRI harga mati.  ğŸ¤ŸğŸ¿ğŸ¤ŸğŸ¿ğŸ¤ŸğŸ¿ğŸ‡®ğŸ‡©ğŸ‡®ğŸ‡©ğŸ‡®ğŸ‡©",positive
101,Natasi buruk??? hahahahahahahajha bukannya mostly dia nanya yaa???,neutral
102,"37. Maaf salah nomor diatas 36 ğŸ˜„  Keesokan harinya 22 april 2023 idul fitri, Jokowi menerima kehadiran Prabowo setelah sholat ied. Sebuah pertemuan luar biasa krn seharusnya ini jadwal keluarga inti.  Jokowi melihat Ganjar sdh bertindak sendiri. Sulit untuk bersatu #SoloBalapan",negative
103,Kita mendengar kabar bahwa paslon @prabowo dan @gibran_tweet berhasil memenangkan Pilpres 2024 via Perhitungan Cepat (Quick Count) yang dirilis oleh sejumlah lembaga survei yang terkenal kredibel. Namun apakah Quick Count benar-benar menentukan?  {sebuah utas singkat},positive
104,"ğ—ğ˜‚ğ—®ğ—¿ğ—® ğ—»ğ˜†ğ—® ğ—»ğ—¼.ğŸ¬ğŸ­ ğŸ‡®ğŸ‡©â˜ï¸ğŸ”¥ Pak Prabowo mencoba selebrasi, namun tanpa sujud sukur spt 2019, krn khawatir kena prank lagee ğŸ˜ Pendukung 01 adalah bukti semangat Perubahan yang cerdas tidak Bisa terbawa Oleh pembodohan quick count ğŸ˜‚ Karena yang Akan Menang adalah 01 , setelah input data sirekap di evaluasi , baru lah Prabowo Akan sujud sukur tapi sujud nya kebelakang, alias Kejengkang !! ğŸ˜‚ ""Quick Count"" itu Kelucuan lembaga sure-pay yg paling nyata, Karena sebelum Kalah, mereka berusaha curang dulu, Malu belakangan ğŸ˜‚ Waktunya Perubahan ğŸ•›ğŸ’«ğŸ‡®ğŸ‡© #01AMINwinElection #fokusRealCount #LawanKecurangan",negative
105,"Masih nuduh curang...  Yuk pake logika selisih 2 digit lho.... 33 % selisih pak @prabowo sama si anies... 42% dgn ganjar Sedangkan dulu selisih @jokowi di 2019 dulu 5%  Logika aja 5% dari pemilih saat itu sekitar 10 jt org, itu aja ""sulit"" Krn butuh bukti valid(belum lagi klo bukti disabotase) utk menggagalkan pemilu ulang   Ini 35 % selisihnya yg berarti kurleb 71 jt org dengan data valid yang harus dibuktikan.  Klopun jika terbukti jumlahnya tidak signifikan, pemenangnya tetap #PrabowoGibran  Karena realita mayoritas rakyat pilih mereka.   Drpd ribut mulu mending bersatu, bagaimanapun juga pak Prabowo sudah jadi presiden kita, kmrn beliau capres yg kami dukung skrg beliau adalah capres kita.   Mari bersatu membangun negeri bersama #PrabowoGibran",positive
106,kayak terserah lah lu kekeuh dukung prabowo tapi nge-invalidate peristiwa 98 tuh bego bgt jing,negative
107,"Gausah trlalu fanatik kak masalah politik. 2019 adian bela jokowi mati2an. Fast forward 2024 siapa sangka yg nyerang jokowi malah adian dan yg bela fahri hamzah. 2019 yg pak prabowo kalah, trus rekonsiliasi sama pak jokowo. Pendukungnya marah2, yg diatas malah baekan.",negative
108,Din Syamsuddin komentari pidato Prabowo di Senayan yg menyambut hasil quick count,neutral
109,"Pak @aniesbaswedan dan Pak @ganjarpranowo tidak sedang melawan @prabowo.   Mereka sedang melawan kekuasaan lalim yang hobi melawan konstitusi, melanggar HAM, dan meminggirkan etik.   Mereka sedang melawan kekuasaan yang senang melakukan pembodohan massal.",neutral
110,Kenapa pendukung 02 bilang pendukung 01 ketikannya jahat2 padahal prabowo sendiri yg nyontohin tolol2in dan goblok2in orang di depan umum. Jd kenapa pada marah besti,neutral
111,Sirekap KPU disetting untuk menangkan 02 Prabowo Gibran?  Data Paslon 01 dan 03 bisa dikoreksi.  Tapi data Paslon 02 tidak bisa. Tampilan angkanya jauh lebih tinggi daripada angka di C1 pulak.  Sirekap curang!  #KPUBiangCurangBrutal #KPUBiangCurangBrutal,neutral
112,"2024 pilih Prabowo Subianto, Presiden ke 8 Republik Indonesia, dan keliatannya akan terwujud.  Entah 2029 / 2034, Presiden ke 9 Republik Indonesia ialah Ganjar Pranowo!   Dengan segala dinamika politik yang ada, calon penerus Pak Prabowo adalah Mas Ganjar.  15 Febuari 2024.",positive
113,Santai kali. Napa pada marah2. Tugas kita kali ini bila nanti hasil real count pak Prabowo memang dipastikan menang adalah mengawal perjalanan beliau. Sebagai muslim juga dilarang mencela pemimpin.,neutral
114,Lah jadi lu percaya Anies imam MahdiğŸ¤£ kalo Anies imam Mahdi terus Prabowo apa Dajjal?,neutral
115,"Pak Prabowo, apakah saya akan di kadrunkan juga di tahun ini?...",neutral
116,Bayangin nanti Prabowo diinterupsi Komeng pas rapat.,neutral
117,"Senggol ah nyampe gk nya biarin gmna nih @prabowo @gibran_tweet @jokowi @KPU_ID @bawaslu_RI @SBYudhoyono udah pada putus kah urat malu anda"" semua yg amat sangat terhormat",negative
118,"Halo @KPU_ID ada input data yang salah di TPS 026, DKI JAKARTA, JAKARTA BARAT, KEMBANGAN, JOGLO.   Data untuk paslon 02, Prabowo-Gibran, menurut formulir C1 adalah 80 suara, tetapi yang tercatat dalam data kalian adalah 720 suara.",negative
119,"Kacau! Data C1 Suara Prabowo-Gibran Hanya 117, Real Count KPU Menggelembung Jadi 617 https://www.gelora.co/2024/02/kacau-data-c1-suara-prabowo-gibran.html",negative
120,"anis jadi gubernur itu karna yg ngusung prabowo anjirr lu baca berita ga sii? astaga bisa2 nya bilang dosa prabowo banyak, emg lu tuhan? lu udh kontribusi apa si buat negara sampe segitu ga terimanya? wkwk kocak bgt anjir",neutral
121,"Alhamdulillah, Alfatihah untuk almarhum bapakku.. Pak , Pak Prabowo insyaallah jadi presiden Indonesia ke 08, pak ,bapak tidak bisa menyaksikan kemenangan beliauğŸ˜­ğŸ˜­ğŸ˜­",positive
122,"Jujur sih, kalaupun Anies belum ditakdirkan jadi pemimpin tahun ini. Perasaan gw ga sebaper waktu Prabowo kalah di 2019, waktu itu menolak hasil pemilu, demo di Bawaslu. Sekarang lebih ke ""mungkin belum takdirnya.."" Vibes pak @aniesbaswedan lebih ngajarin positif",neutral
123,Mending di pimpin prabowo sampai 5 tahun gw daripada ditengah jalan tiba2 gibran yg jadi presiden.,neutral
124,"Aneh ini, kok pak Prabowo yg perubahan malah pak Anies yg berkelanjutan ğŸ™",negative
125,"Barusan cek random di Jawa timur krn gede bgt persentasenya tepatnya di Gresik, Wringinanom, Pasinanlemahputih, TPS 012, di Form tertulis prabowo 182 tapi di KPU (sirekap) jadi 647 #CurangBrutal02",neutral
126,"Asli, gw agak khawtir lho stress aja Bang",positive
127,"KENAPA GANJAR KALAH NAMUN PARTAINYA OKE?  Prabowo itu udah 3 kali ikut pilpres. ini yang keempat. bagaimana caranya mengalahkan popularitas dia? Ganjar figurnya tidak sekuat Jokowi di 2014. dibully oleh petinggi PDIP di 2021. baru fix dikenalkan april 2023. terlambat untuk populer.  jadinya harus kerja 4 kali lipat melawan popularitas Prabowo. plus, dan membully Ganjar itu bukan pemandangan yang bagus buat publik. lalu, PDIP masih terlalu percaya dan mengandalkan Jokowi. terlambat menyadari kalo Jokowi sudah rancang Gibran maju cawapres sejak awal 2022 (via bocoralus Tempo). PDIP sendiri pecah suara soal capres. Hasto dkk dukung Ganjar, Bambang Pacul dukung Puan. yang ngomong sumber gua sodaranya Hasto yang punya kafe di Jalan Kaliurang atas, waktu ketemu di 2022 awal. jadi, berharap Jateng bakal menang ya sulit. Bambang Pacul ga semangat. cuma nurut bu Ketum aja. plus, yang dilawan adalah Presiden RI. pemerintah. sejak kapan bisa menang lawan pemerintah? Jokowi bisa menang 2014 sebab SBY ga cawe-cawe. sementara 2024 Jokowi menggunakan segala cara untuk memenangkan anaknya. Bansos, ngintilin Ganjar, aparat (via film Dirty Vote), etc. Tim Ganjar susah cari pendanaan. pengusaha pada dipanggilin sama presiden. ada juga yang mulai dikirimi pesan cinta berbau rencana pemeriksaan pajak. Bambang Pacul dan Puan bukan orangnya bu Mega, tapi orangnya alm. Taufik Kiemas. mereka tipe non-konfrontatif. kompromis. kalo Jawa Tengah bobol pada versi capres, ya udah susah. akhirnya caleg saja yang kerja untuk dirinya. fair enough sih. kan mereka keluar biaya sendiri. intinya:   1. Prabowo udah terlalu populer; 2. Kader PDIP ga terlalu all-out. bukan karena mereka ga mau kerja, tapi logistik kagak ada. dan ada perbedaan soal capres favorit; 3. Ga akan ada yang bisa melawan pemerintah;  ini ga pernah gua share karena bisa mengurangi semangat pendukung. Prabowo menang? ga kaget. Ganjar menang itu gua semacam berharap lotere",negative
128,"Kalau misalnya di skenario mereka terpilih jadi Presiden & Wakil Presiden  Kirim pesan ke Pak Prabowo atau Gibran untuk nebus dosa mereka tentang isu penggunaan AI. Caranya gimana?, minta mereka untuk ngadain acara yg melibatkan Pelaku Dunia Kreatif",neutral
129,"KPPS Bingung, Aplikasi KPU Error Membaca Hasil Scan Input C1 Otomatis 'Gelembungkan' Suara Prabowo-Gibran https://www.democrazy.id/2024/02/kpps-bingung-applikasi-kpu-error-membaca-hasil-scan-input-c1-otomatis-gelembungkan-suara-prabowo-gibran.html",negative
130,"Hlh KNTL. Org2 kayal Islah, Deni Siregar, dan sejenisnya yg dukung di PDIP ini nanri akan merapat ke Prabowo-Gibran jg demi seonggok duit dan jabatan ğŸ˜‚",positive
131,ngaca lu! 2019 capres lu pas kalah emang diem? yg provokator sampe ada demo dan banyak korban meninggal siapa kalo bukan prabowo!,negative
132,"Ketangkap basah kalian ya.. Kompak nyoblos 02, wkwkwk Selamat Pak @prabowo Anda menang telak ğŸ˜ğŸ‘  Yang lain minggiirrr ğŸ’ƒğŸ’ƒğŸ’ƒ",neutral
133,"Berbagai Tuduhan Kecurangan Dialamatkan ke Paslon 02, Prabowo: Saya Enggak Peduli, Saya Ingin Rakyat Saya Tidak Lapar dlvr.it/T2mBrl",neutral
134,Rupiah 'Ngegas' di Rp15.565 Usai Prabowo Unggul Versi Quick Count  https://www.cnnindonesia.com/ekonomi/20240207192956-78-1059964/rupiah-ngegas-di-rp15565-usai-prabowo-unggul-versi-quick-count?utm_campaign=cnnsocmed&utm_medium=oa&utm_source=twitter,negative
135,"Jokowi Akui Sudah Bertemu Prabowo-Gibran, Ucapkan Selamat dlvr.it/T2ms2l",neutral
136,"Video Viral Keanehan di Website KPU, Suara Prabowo-Gibran Melonjak dari 107 Jadi 804 https://www.gelora.co/2024/02/video-viral-keanehan-di-website-kpu.html",negative
137,"selamat ya pak Prabowo Subianto. bapak membuktikan, sekufu ama PKS emg selalu bikin runner up loser~",positive
138,"Ini looh justru bapak gemoy itu gak masuk hitunganku, aku takut sama bu titiek dan gerombolan di belakangnyağŸ˜¢",positive
139,Pilpres 2024: Kemenangan Prabowo Subianto Dinilai 'Cacat' dan Dikhawatirkan Membuat Demokrasi Merosot https://www.democrazy.id/2024/02/kemenangan-prabowo-subianto-dinilai-cacat-dan-dikhawatirkan-membuat-demokrasi-merosot.html,neutral
140,"Prabowo yg menang, berarti prabowo yg org baikğŸ¤£",neutral
141,"quick count nya beda bgt dah ga expect, gua kira anies sm prabowo gabakal beda SEJAUH itu",neutral
142,Cocok kan ??  Ada di depan ruang kelas di sekolah -sekolah hingga kantor instansi.  Presiden Prabowo dan Mas Wapres Gibran ğŸ¥°,neutral
143,"Dulu saya tdk paham knp Gus Dur ngomong bhw Prabowo adl org paling ikhlas. Belakangan sj saya paham stlh Prabowo jd menteri Jokowi. Cek saja Prabowo, jarang sekali interview sbg menteri. Tdk banci tampil utk persiapan 2024. Bener2 merendahkan dirinya sbg menteri Jokowi.",neutral
144,pro dan kontra Gibran Rakabuming menjadi calon wakil presiden-nya Prabowo  a thread,neutral
145,"**20 Oktober 2024, di Gedung DPR-MPR, Jakarta**  Prabowo : ""Sumpah Jabatan Presiden Republik Indonesia. Demi Allah, saya bersumpah.........""  Sebagian besar penghuni aktif X Indonesia :",positive
146,"Pernyataan Prabowo Usai Menang Versi Quick Qount, Ucapkan Terima Kasih ke Jokowi karena Sudah Kerja Keras https://bisnis.tempo.co/read/1833851/pernyataan-prabowo-usai-menang-versi-quick-qount-ucapkan-terima-kasih-ke-jokowi-karena-sudah-kerja-keras?utm_source=Twitter&utm_medium=dlvr.it #TempoBisnis",positive
147,pendukungnya aja gk percaya sama omongan Prabowo sampe dibilang hoax wkwk,neutral
148,Bertahun-tahun kuliah jurnalistik eh pas lulus Prabowo jadi presidenğŸ˜­ğŸ˜­ğŸ˜­ğŸ˜­ğŸ˜­ğŸ˜­ğŸ˜­ğŸ˜­ğŸ˜­,neutral
149,"Prabowo Subianto Menang Pemilu Versi Quick Count, Bolehkah Presiden RI Tidak Punya Istri? https://www.oposisicerdas.com/2024/02/prabowo-subianto-menang-pemilu-versi.html",positive
150,"Poltracking DKI dgn angka masuk 99% lbh, Anies kalah dr Prabowo. Bener2 underperform utk mantan Gubernur yg maha hebat.",neutral
151,Salah satu penyebab kemenangan mudah Prabowo kali ini adalah para pendukungnya yg jadi beban pada pilpres 2014 dan 2019 pindah ke kubu lain.,neutral
152,Apakah dengan mencurangi keputusan MK adalah pekerjaan yang baik?,neutral
153,"Prabowo-Gibran hrs ingat, mrk menang krn didukung kelompok nasionalis, bukan dari kelompok agamis.   Jd tolong jgn mainkan program2 yg berbau syariah tertentu spt wisata halal ekonomi syariah, dll.  Bawa Indonesia spt cita-cita founding fathers, bukan cita-cita Rizieq atau Somad",negative
154,"Polanya sama dengan Pilpres 2019, penggelembungan suara.  PS realnya dapat 84 ditulis 845. PS dapat 116 ditulis 1161.   Pak @jokowi telah mengajari Pak @prabowo bagaimana caranya menang.   Sampai pagi ini suara masuk ke KPU kisaran 39%. 39% masuk, pun dengan penggelembungan suara bagi pasangan 02. Ingat ya, total pemilih 204.807.222.",negative
155,"Talingo nyo lah tasumbek dek utak lah pakak,,ğŸ˜‚",neutral
156,Serba-serbi #Pemilu2024 Selamat Prabowo-Gibran,neutral
157,"Hari ini, suaraku untuk para aktivis dan mahasiswa yang diculik di 1998 dan belum kembali, untuk para keluarga korban, untuk para pejuang reformasi, untuk keadilan di negeri ini. Saya konsisten, tidak mendukung Prabowo dan siapapun yang berpihak pada Prabowo.",positive
158,Prabowo-Gibran Menang Telak di TPS ODGJ Bekasi dlvr.it/T2kc67,neutral
159,"Survei Litbang Kompas: Dalam Tempo Dua Bulan, Dukungan ke Prabowo-Gibran Meningkat, Faktor Jokowi dlvr.it/T2mL3j",neutral
160,"Saya Rasa Pak Prabowo sekarang Paham betul Rasanya Jadi Pak @aniesbaswedan  karena 2019 beliau mengalami hal yang serupa, dicurangi penguasa, tapi sayangnya pengalaman tidak menjadikanya dewasa, karna ternyata nyaman sekali yah berada di sisi penguasa....ğŸ™„",negative
161,"ğŸ¤£ğŸ¤£ğŸ¤£ğŸ¤£ karna aku milih prabowo, jadi aku merasa diri ku perlu menjadi pengkritik kebijakan kebijakannya yang mereng jika nantinya ada",neutral
162,"TOLONG RAMEIN!!! Ini masuk kecurangan ga? Prabowo di web 161, tapi di kertas perhitungan suara 111 Ganjar juga suaranya kurang 1 HALOO @KPU_ID @bawaslu_RI",neutral
163,Prabowo jua nololin orang kok tetep menang,negative
164,"Iya semua orang sudah berubah, setelah mengakui dan minta maaf.   Apa prabowo sudah minta maaf tentang kejadian '98? Apa Gibran sudah minta maaf setelah mengacak acak konstitusi? Belum. Masih ketawa tawa aja kemaren.",neutral
165,Yuppp 2019 dulu gw sebagai pemilih pak Prabowo pun percaya bahwa pemilu curang terus dijejeli berita dari akun2 pro prabowo kalau hasil Real Account Tim prabowo sebaliknya. Polanya sama persis. Tapi skg saya sadar skg kalau dulu kita cuma dikasih harapan semua. Dan mulai skg+,negative
166,Wkwkwk ajigg sepemikiran ğŸ˜­ğŸ¤£,neutral
167,"Foto di IG-nya pak Jokowi ada beberapa yang blur-blur gitu. Mungkin yang penting capture moment-nya kali ya. Kalo foto IG-nya pak Prabowo, mantep bener dari segala sudut.",positive
168,Atau mungkin Prabowo masih ingin SMI jadi menkeu lagi. Ini pilihan yg oke jg asal Pbw mau.   Tapi SMI bagusnya tetap diberi pos jabatan krn kompetensinya. Mungkin jadi Kepala Bapenas spt dulu.,neutral
169,Ini dia Ajudan terbaik dari Bpk.Prabowo..Bpk.Mayor TeddyğŸŒ¹,neutral
170,Pendukung sebelah yang belum Terima kemenangan pak @prabowo teriak2 tidak percaya hasil quickcount. Sambil share hasil quickcount pilkada DKI  (((((tapi putaran 1))))  Nih gw kasih quickcount hasil putaran 2 yg dulu menangin si aniesğŸ¤£ğŸ¤£ğŸ¤£ğŸ¤£ Kira2 masih teriak gak percaya quickcount gak yağŸ˜œğŸ¤ªğŸ¤ªğŸ¤ªğŸ¤ªğŸ¤ªğŸ¤ªğŸ¤ªğŸ¤ªğŸ¤ªğŸ¤ª,neutral
171,sudah di titik dimana aku legowo menerima pak prabowo sebagai presiden,neutral
172,"Sampai setengah jabatan mah udh terlalu hebat,takut nya hitungan hari udh hilang? Emngnya Yakin jokowi ngasih prabowo hidup sampai setengah masa jabatan nya?ğŸ˜„",negative
173,"Ke org kyk gitu sih pengennya 2-3 thn ke depan bilang ""kan dibilang jgn pilih prabowo""",neutral
174,"Oooo tdak bisa.. Ngk usah berharap kebaikan dari orang yg naik nya penuh dgn kecurangan. Deal2 nya sudah pasti ada,roadmapnny sudh di persiapkan untk 15 tahun ke depan.",positive
175,"pak prabowo saja boleh tidak terima dengan hasil pilpres, masa kami enggak boleh? apalagi ini semua masih hasil quick count. rekapitulasi suara kpu selesai bulan maret. potensi putaran kedua juga masih ada dan kalian sudah merayakan kemenangan meski jelas ada kecurangan? ok.",neutral
176,"Lu klo punya rasa kasian utk prabowo yg didoain stroke, bagi rasa kasian lu ke orang orang yg tiap kamisan berdiri depan istana negara minta keadilan selama 17 thn. Lagian ini sekelas cak imin aja dilaporin, klo mau laporin yg mulutnya ga bener, silahkan",positive
177,Kalau waktu itu Bu Mega mengizinkan pak Ganjar mau jadi cawapresnya pak Prabowo.  1. apakah pak Jokowi di sebut memainkan politik dinasti 2. Apakah ada yang menyebut anak haram MK 3. Siapa yang dulu pengen menyatukan pak Prabowo dan pak Ganjar sampai sekrang bilng politik dinstiy,positive
178,"IHSG melejit 1,5 persen setelah Pilpres yang hampir pasti menghasilkan pasangan Prabowo - Gibran sebagai pemenang. Pada dasarnya pasar tidak suka ketidakpastian dan Pilpres 1 putaran memberikan kepastian lebih cepat.",positive
179,"Jika benar Prabowo-Gibran menang, kalian para S.Psi dan miskin-middle lower class, silahkan nabung sendiri untuk pend. profesi psikolog umum.  Kok gitu? Karena sampai sekarang belum ada beasiswa yang cover.",positive
180,"Dari 2014 pun sudah begitu. Jaman itu masih manual padahal. Dan penggelembungan bertahap. Dr tps berubah, naik desa/kec berubah, kab berubah lagi. Pokoknya wow lah",positive
181,Menemani Pak @prabowo dalam Debat Final Capres. Gas Pak ğŸ™ğŸ‡®ğŸ‡©,neutral
182,"Semoga aja nanti pemerintahan Prabowo penjara gak penuh,  Ya kalii setiap ada yg mengkritik dilaporkan ğŸ˜…ğŸ˜©",neutral
183,prabowo menang guys,neutral
184,Serius nanya? Malu buat apa? Gibran aja gapunya malu katanya?,neutral
185,Ternyata @prabowo pun menggunakan ATRIBUT HTI makin jelas nih ARAHnya mau kemana ni ? Pasti akan menghidupkan KAUM2 BEGUNDAL berkedok KHILAFAH dan SYARIAH,neutral
186,"Dulu waktu Prabowo anda curangi, apa hasilnya setelah gugat di MK?  ketua MK nya diancam akan dibunuh.",neutral
187,Andi Arief Minta Anies Akui Kemenangan Prabowo Seperti Sandiaga dlvr.it/T2mSTC,neutral
188,"Kayanya tergantung 5 tahun kepemimpinan Prabowo Gibran nanti, kalau lebih baik dr Jokowi pasti lanjut part 2, kalau lebih jelek bisa jadi Anies yg menang.",neutral
189,"WNI di Beligia menolak Program Makan Gratis dr Prabowo, mereka tdk butuh makan gratis bagi anak2nya tapi mereka butuh PENDIDIKAN agar anaknya jadi pandai dan cerdas.",neutral
190,"Terima kasih sebanyak banyaknya saya ucapkan kepada masyarakat yang menyempatkan hadir dalam Pesta Rakyat Prabowo Gibran 2024. Tak terhitung, berapa banyak yang hadir, tapi yang terpenting semua ini menunjukkan bahwa kita semua memiliki semangat yg sama, Lanjutkan!",neutral
191,"Bapak Prabowo Subianto beterimah kasih dengan seluruh Pengawal yang selama ini Menjaga beliau dan mengawal beliau,  Respect!",neutral
192,Kenapa bener ğŸ¤£,neutral
193,"inget ga dulu pa prabowo juga gugat mk buat buktiin bahwa dia di curangin pas 2019? hasil nya apa? skrg Pasrah aja sama hasil Quick Count dan move on. terimakasih pa Anis dan pa Ganjar sudah menjadi capres yang ""FAIR"" untuk pemilu inii, love you paa sehat selaluğŸ’™",neutral
194,"Angkat tangan haru Prabowo-Gibran menyapa para pendukung di agenda â€œMengawal Suara Rakyatâ€  Terima kasih atas perjuangan baik kalian semua Prabowo-Gibran diganjar kemenangan.   Berapa pun pesertanya, rakyat cuma mau satu, yaitu Prabowo-Gibran.",neutral
195,ga paham banget kok gue dibilang ngejelek jelekin si wowo jir? padahal konteksnya gue kasih liat video itu buat nunjukin kecurangan dari kelompok pendukung prabowo. kek proses berpikirnya gimana dah?? gue ga paham banget,negative
196,PDIP Siap Jadi Oposisi jika Prabowo Resmi Menang Pilpres 2024 #focus #pilpres2024 #news #text https://kumparan.com/kumparannews/pdip-siap-jadi-oposisi-jika-prabowo-resmi-menang-pilpres-2024-22AYbZ6rF33?utm_source=Twitter&utm_medium=post&utm_campaign=int,positive
197,"Gausah kaget, di kantor gue voter 02 malah nanya tahun 1998 ada apa ko dikaitkan sama prabowo, yg nanya anak 90an, sarjana pula. Gatau hidupnya ngapain aja itu.",neutral
198,"Real count di kpu uda 43.58%, prabowo strong di 56-57%, anies di 24%, ganjar di 18%. Uda sulit buat ngerubah hasil, suara masuk hampir 50% hampir pasti 02 yg menang pemili 2024",neutral
199,"nemu juga salah satu fotografernya Prabowo, namanya Jessica Yiswi  dan berikut page dia:  https://www.instagram.com/_mypersonalproject/",negative
